case_id,partition,canonical_group,paper_title,year,direction,problem_class,category,formulation_type,application_field,runtime_quartile,size_quartile,task_median_runtime_seconds,large_median_runtime_seconds,avg_num_var,avg_num_int_var,avg_num_constr,source_link
adulyasak2015,train,adulyasak2015,Benders Decomposition for Production Routing Under Demand Uncertainty,2015,min,Lot Sizing / Inventory,operational,Stochastic/Robust/DRO,Supply Chain & Inventory,Q4,Q4,3613.76,3614.41,920934.0,8934.0,953310.0,https://doi.org/10.1287/opre.2015.1401
alba2013,train,alba2013,A Branch-and-Cut Algorithm for the Double Traveling Salesman Problem with Multiple Stacks,2013,min,Vehicle Routing & TSP,operational,MIP,Transportation & Logistics,Q2,Q1,304.405,499.9,840.0,840.0,544.0,https://doi.org/10.1287/ijoc.1110.0489
alfieri2020,train,alfieri2020,Enhancing Column Generation by a Machine-Learning-Based Pricing Heuristic for Graph Coloring,2022,min,Graph Optimization,operational,IP,Foundational / Theoretical,Q4,Q4,3607.45,3609.59,36018.0,36018.0,721747.0,https://doi.org/10.1609/aaai.v36i9.21230
amaldi2013,train,amaldi2013,Column Generation for the Minimum Hyperplanes Clustering Problem,2013,min,Other (Clustering),planning,MIP,Foundational / Theoretical,Q4,Q2,3601.105,3601.32,10300.0,10050.0,30249.0,https://doi.org/10.1287/ijoc.1120.0513
araujo2015,train,araujo2015,Period Decompositions for the Capacitated Lot Sizing Problem with Setup Times,2015,min,Lot Sizing / Inventory,planning,MIP,Manufacturing & Production,Q3,Q1,3600.7650000000003,3600.82,2172.0,720.0,1512.0,https://pubsonline.informs.org/doi/10.1287/ijoc.2014.0636
araujo2020,test,araujo2020,Strong Bounds for Resource Constrained Project Scheduling: Preprocessing and Cutting Planes,2020,min,Other (Project Scheduling),strategic,MIP,Manufacturing & Production,Q1,Q4,35.235,54.31,290244.0,290244.0,146754.0,https://doi.org/10.1016/j.cor.2019.104782
archetti2007,train,archetti2007,A Branch-and-Cut Algorithm for a Vendor-Managed Inventory-Routing Problem,2007,min,Lot Sizing / Inventory,operational,MIP,Supply Chain & Inventory,Q3,Q2,2215.875,2996.36,8613.0,7956.0,11981.0,https://doi.org/10.1287/trsc.1060.0188
armbruster2012,train,armbruster2012,LP and SDP branch-and-cut algorithms for the minimum graph bisection problem: a computational comparison,2012,min,Graph Optimization,planning,SDP,Foundational / Theoretical,Q4,Q4,3614.51,3615.76,129581.0,129581.0,451734.0,https://link.springer.com/article/10.1007/s12532-012-0040-5
arslan2021,train,arslan2021,Decomposition-based approaches for a class of two-stage robust binary optimization problems,2022,min,Stochastic / Robust / Bilevel Optimization,planning,Stochastic/Robust/DRO,Foundational / Theoretical,Q1,Q1,23.649550319183618,27.483967878855765,1081.0,270.0,811.0,https://doi.org/10.1287/ijoc.2021.1061
bard2002,test,bard2002,A Branch-and-Cut Procedure for the Vehicle Routing Problem with Time Windows,2002,min,Vehicle Routing & TSP,operational,MIP,Transportation & Logistics,Q3,Q2,3600.5407092231326,3600.591076553799,3998.0,3798.0,13699.0,https://doi.org/10.1287/trsc.36.2.250.565
barnhart2000,train,barnhart2000,Using Branch-and-Price-and-Cut to Solve Origin-Destination Integer Multicommodity Flow Problems,2000,min,Network Design & Flow,planning,IP,Transportation & Logistics,Q2,Q3,280.47499999999997,543.18,76635.0,76635.0,29380.0,https://doi.org/10.1287/opre.48.2.318.12378
bayani2024,train,bayani2024,A Dual Bounding Framework Through Cost Splitting for Binary Quadratic Optimization,2024,min,Other (Quadratic Optimization),planning,QP/MIQP,Foundational / Theoretical,Q4,Q3,3601.3599999999997,3601.49,74725.0,700.0,222125.0,https://doi.org/10.1287/ijoc.2021.0186
belhoul2014,train,belhoul2014,An efficient procedure for finding best compromise solutions to the multi-objective assignment problem,2014,min,Other (Assignment),strategic,IP,Foundational / Theoretical,Q1,Q3,41.915,49.42,1265626.0,1265625.0,2252.0,https://doi.org/10.1016/j.cor.2014.03.013
belvaux2000,test,belvaux2000,bc-prod: A Specialized Branch-and-Cut System for Lot-Sizing Problems,2000,min,Lot Sizing / Inventory,strategic,MIP,Manufacturing & Production,Q3,Q1,3600.215,3600.23,3300.0,1800.0,3990.0,https://doi.org/10.1287/mnsc.46.5.724.12048
bentert2022,train,bentert2022,Parameterized Algorithms for Power-Efficiently Connecting Wireless Sensor Networks: Theory and Experiments,2022,min,Graph Optimization,planning,MIP,Telecommunications & Networking,Q3,Q2,1916.88,3574.69,8177.0,2701.0,10878.0,https://doi.org/10.1287/ijoc.2020.1045
bergman2019,train,bergman2019,An Exact Algorithm for the Quadratic Multiknapsack Problem with an Application to Event Seating,2019,max,Packing / Cutting Stock,operational,QP/MIQP,Sports & Entertainment,Q3,Q1,3600.16,3600.17,350.0,350.0,45.0,https://doi.org/10.1287/ijoc.2018.0840
bertsimas2022,test,bertsimas2022,A Scalable Algorithm for Sparse Portfolio Selection,2022,min,Portfolio Optimization,strategic,MIP,Finance & Investment,Q4,Q1,3606.96,3606.96,3000.0,1000.0,2.0,https://doi.org/10.1287/ijoc.2021.1127
bertsimas2024,test,bertsimas2024,A Stochastic Benders Decomposition Scheme for Large-Scale Stochastic Network Design,2024,min,Network Design & Flow,planning,Stochastic/Robust/DRO,Telecommunications & Networking,Q2,Q4,1775.3567528948188,3028.6974435467273,1170900.0,900.0,322501.0,https://pubsonline.informs.org/doi/10.1287/ijoc.2023.0074
bettinelli2017,train,bettinelli2017,A Branch-and-Bound Algorithm for the Knapsack Problem with Conflict Graph,2017,max,Packing / Cutting Stock,planning,BIP,Foundational / Theoretical,Q4,Q1,3608.485,3610.9,500.0,500.0,18436.0,https://pubsonline.informs.org/doi/10.1287/ijoc.2016.0742
bierwirth2017,train,bierwirth2017,Extended GRASP for the Job Shop Scheduling Problem with Total Weighted Tardiness Objective,2017,min,Scheduling (Machine / Crew / Workforce),operational,CP,Manufacturing & Production,Q3,Q2,3600.33,3600.35,4710.0,4350.0,9060.0,https://doi.org/10.1016/j.ejor.2017.03.030
bode2012,train,bode2012,Cut-First Branch-and-Price-Second for the Capacitated Arc-Routing Problem,2012,min,Vehicle Routing & TSP,operational,IP,Transportation & Logistics,Q1,Q1,2.025,1.86,350.0,350.0,112.0,https://doi.org/10.1287/opre.1120.1079
bodur2017,train,bodur2017,Strengthened Benders Cuts for Stochastic Integer Programs with Continuous Recourse,2017,min,Stochastic / Robust / Bilevel Optimization,strategic,Stochastic/Robust/DRO,Foundational / Theoretical,Q2,Q4,158.51,205.16,3750050.0,50.0,150001.0,https://doi.org/10.1287/ijoc.2016.0717
boland2019,test,boland2019,Bi-objective branch-and-cut algorithms based on LP relaxation and bound sets,2019,min,Facility Location,planning,MIP,Supply Chain & Inventory,Q3,Q2,3600.225,3600.23,7260.0,7260.0,7380.0,https://pubsonline.informs.org/doi/10.1287/ijoc.2018.0846
bollapragada2001,train,bollapragada2001,Optimal Design of Truss Structures by Logic-Based Branch and Cut,2001,min,Other (Structural Design),planning,MIP,Foundational / Theoretical,Q3,Q2,2077.3650000000002,3600.28,6840.0,2160.0,11004.0,https://doi.org/10.1287/opre.49.1.42.11196
borndorfer2007,train,borndorfer2007,A Column-Generation Approach to Line Planning in Public Transport,2007,min,Other (Line Planning),planning,IP,Public Transit & Mobility,Q4,Q3,3602.39,3602.66,166848.0,50569.0,61961.0,https://doi.org/10.1287/trsc.1060.0161
bragin2022,holdout,bragin2022,"Surrogate ""Level-Based"" Lagrangian Relaxation for mixed-integer linear programming",2022,min,Other (General MIP),planning,MIP,Foundational / Theoretical,Q1,Q2,1.615,1.81,128000.0,128000.0,1680.0,https://www.nature.com/articles/s41598-022-26264-1
brandao2016,train,brandao2016,Bin Packing and Related Problems: General Arc-flow Formulation with Graph Compression,2016,min,Packing / Cutting Stock,planning,IP,Foundational / Theoretical,Q1,Q2,116.09,161.55,82000.0,82000.0,7165.0,https://www.sciencedirect.com/science/article/abs/pii/S0305054815002762
bront2009,train,bront2009,A Column Generation Algorithm for Choice-Based Network Revenue Management,2009,max,Other (Revenue Management),strategic,IP,Retail & Revenue Management,Q2,Q1,144.31,147.8,1.0,0.0,13.0,https://doi.org/10.1287/opre.1080.0567
buchheim2018,test,buchheim2018,Quadratic Combinatorial Optimization Using Separable Underestimators,2018,min,Other (Quadratic Optimization),planning,QP/MIQP,Foundational / Theoretical,Q3,Q1,3266.705,3600.56,420.0,420.0,225.0,https://doi.org/10.1287/ijoc.2017.0789
byeon2022,train,byeon2022,Benders Subproblem Decomposition for Bilevel Problems with Convex Follower,2022,min,Stochastic / Robust / Bilevel Optimization,planning,Bilevel/Multi-level,Foundational / Theoretical,Q1,Q2,84.3218018533662,164.04107390902936,6828.0,774.0,10693.0,https://doi.org/10.1287/ijoc.2021.1128
caprara1999,test,caprara1999,Exact Solution of the Quadratic Knapsack Problem,1999,max,Other (Quadratic Knapsack),planning,QP/MIQP,Foundational / Theoretical,Q1,Q3,14.475000000000001,16.28,90000.0,90000.0,134851.0,https://pubsonline.informs.org/doi/10.1287/ijoc.11.2.125
carosi2019,train,carosi2019,A matheuristic for integrated timetabling and vehicle scheduling,2019,min,Vehicle Scheduling,strategic,MIP,Public Transit & Mobility,Q4,Q4,3604.955,3606.05,1042742.0,53088.0,19982.0,https://doi.org/10.1016/j.trb.2019.07.004
carvalho1999,train,carvalho1999,Exact solution of bin-packing problems using column generation and branch-and-bound,1999,min,Packing / Cutting Stock,planning,IP,Foundational / Theoretical,Q1,Q2,11.72,18.62,38404.0,38404.0,1232.0,https://link.springer.com/article/10.1023/A:1018952112615
carvalho2022,train,carvalho2022,Hybrid matheuristics to solve the integrated lot sizing and scheduling problem on parallel machines with sequence-dependent and non-triangular setup,2022,min,Lot Sizing / Inventory,strategic,MIP,Manufacturing & Production,Q3,Q2,3600.585,3600.6,30390.0,13290.0,23333.0,https://doi.org/10.1016/j.ejor.2021.03.050
castro2021,train,castro2021,A specialized interior-point algorithm for huge minimum convex cost flows in bipartite networks,2021,min,Other (Network Flow),strategic,NLP/MINLP,Foundational / Theoretical,Q2,Q4,1368.875,1538.78,100000000.0,0.0,500200.0,https://doi.org/10.1016/j.ejor.2020.10.027
chebil2015,train,chebil2015,A dynamic programming algorithm for the Knapsack Problem with Setup,2015,max,Packing / Cutting Stock,planning,IP,Foundational / Theoretical,Q1,Q2,2.38,2.59,10030.0,10030.0,10001.0,https://www.sciencedirect.com/science/article/abs/pii/S0305054815001215
chebil2019,test,chebil2019,An exact approach for the 0–1 Knapsack Problem with Setups,2017,max,Packing / Cutting Stock,planning,BIP,Foundational / Theoretical,Q1,Q3,98.4,179.24,50100.0,50100.0,50001.0,https://doi.org/10.1016/j.cor.2016.11.015
chen1999,train,chen1999,Solving Parallel Machine Scheduling Problems by Column Generation,1999,min,Other (Parallel Machine Scheduling),strategic,IP,Manufacturing & Production,Q3,Q3,1881.71,3601.87,101200.0,51600.0,149810.0,https://doi.org/10.1287/ijoc.11.1.78
cherkesly2015,train,cherkesly2015,Branch-Price-and-Cut Algorithms for the Pickup and Delivery Problem with Time Windows and Last-in-First-Out Loading,2015,min,Vehicle Routing & TSP,operational,MIP,Transportation & Logistics,Q2,Q4,240.447952024173,259.20907141733915,1048880.0,1029000.0,2415979.0,https://doi.org/10.1287/trsc.2014.0535
colombi2017,test,colombi2017,The directed profitable rural postman problem with incompatibility constraints,2017,max,Vehicle Routing & TSP,operational,MIP,Transportation & Logistics,Q3,Q2,3600.26,3600.27,8453.0,2635.0,8028.0,https://doi.org/10.1016/j.ejor.2017.02.002
contreras2011,train,contreras2011,Branch and Price for Large-Scale Capacitated Hub Location Problems with Single Assignment,2011,min,Facility Location,planning,MIP,Transportation & Logistics,Q2,Q4,526.995,580.75,2561600.0,1600.0,131241.0,https://doi.org/10.1287/ijoc.1100.0391
cordeau2006,train,cordeau2006,A Branch-and-Cut Algorithm for the Dial-a-Ride Problem,2006,min,Vehicle Routing & TSP,operational,MIP,Public Transit & Mobility,Q3,Q2,3278.59,3600.74,11456.0,11260.0,4349.0,https://doi.org/10.1287/opre.1060.0283
cordeau2014,holdout,cordeau2014,Analysis and Branch-and-Cut Algorithm for the Time-Dependent Travelling Salesman Problem,2014,min,Vehicle Routing & TSP,operational,MIP,Transportation & Logistics,Q4,Q1,3601.5895305564627,3601.6832738369703,41412.0,41412.0,408.0,https://doi.org/10.1287/trsc.1120.0449
cordeau2019,train,cordeau2019,Benders Decomposition for Very Large Scale Partial Set Covering and Maximal Covering Location Problems,2019,min,Facility Location,planning,MIP,Public Service & Government,Q2,Q3,248.25,268.04,100100.0,100.0,100001.0,https://www.sciencedirect.com/science/article/abs/pii/S0377221718310737
cote2018,train,cote2018,The Meet-in-the-Middle Principle for Cutting and Packing Problems,2018,min,Packing / Cutting Stock,planning,BIP,Foundational / Theoretical,Q1,Q3,13.209999999999999,24.68,67310.0,67310.0,21292.0,https://pubsonline.informs.org/doi/10.1287/ijoc.2018.0806
cote2019,train,cote2019,The Vehicle Routing Problem with Stochastic Two-Dimensional Items,2020,min,Vehicle Routing & TSP,operational,Stochastic/Robust/DRO,Transportation & Logistics,Q2,Q1,138.505,185.19,56.0,55.0,11.0,https://doi.org/10.1287/trsc.2019.0904
cunha2021,train,cunha2021,"Valid inequalities, preprocessing, and an effective heuristic for the uncapacitated three-level lot-sizing and replenishment problem with a distribution structure",2021,min,Lot Sizing / Inventory,planning,MIP,Supply Chain & Inventory,Q3,Q2,3600.425,3600.48,19890.0,6630.0,13260.0,https://www.sciencedirect.com/science/article/abs/pii/S0377221721002551
damcikurt2016,holdout,damcikurt2016,Strong Formulations for the Multistage Stochastic Self-Scheduling Unit Commitment,2016,max,Energy & Unit Commitment,operational,Stochastic/Robust/DRO,Energy & Power Systems,Q2,Q4,733.6503515769728,755.4486540015787,3145724.0,2097149.0,11534314.0,https://doi.org/10.1287/opre.2016.1520
dayarian2019,holdout,dayarian2019,A Branch-Price-and-Cut Algorithm for a Production-Routing Problem with Short-Life-Span Products,2019,min,Vehicle Routing & TSP,operational,MIP,Transportation & Logistics,Q3,Q2,3600.7938068709336,3600.793936959468,19310.0,16964.0,35831.0,https://doi.org/10.1287/trsc.2018.0854
degraeve2007,train,degraeve2007,A New Dantzig-Wolfe Reformulation and Branch-and-Price Algorithm for the Capacitated Lot Sizing Problem with Set Up Times,2007,min,Lot Sizing / Inventory,planning,MIP,Manufacturing & Production,Q1,Q1,41.405,76.42,1830.0,600.0,1220.0,https://pubsonline.informs.org/doi/10.1287/opre.1070.0404
delage2022,test,delage2022,Logic-Based Benders Decomposition for Integrated Process Configuration and Production Planning Problems,2022,min,Packing / Cutting Stock,strategic,CP,Manufacturing & Production,Q3,Q2,3600.33,3600.37,5910.0,2520.0,8400.0,https://doi.org/10.1287/ijoc.2021.1079
delorme2020,holdout,delorme2020,Enhanced Pseudo-polynomial Formulations for Bin Packing and Cutting Stock Problems,2019,min,Packing / Cutting Stock,planning,IP,Foundational / Theoretical,Q2,Q3,582.475,860.22,1641755.0,1641755.0,5467.0,https://pubsonline.informs.org/doi/abs/10.1287/ijoc.2018.0880
desaulniers2010,train,desaulniers2010,Branch-and-Price-and-Cut for the Split-Delivery Vehicle Routing Problem with Time Windows,2010,min,Vehicle Routing & TSP,operational,MIP,Transportation & Logistics,Q4,Q3,3606.18,3608.49,98817.0,92289.0,99008.0,https://doi.org/10.1287/opre.1090.0713
desaulniers2014,train,desaulniers2014,A Branch-Price-and-Cut Algorithm for the Inventory-Routing Problem,2014,min,Lot Sizing / Inventory,operational,MIP,Supply Chain & Inventory,Q3,Q2,3600.29,3600.3,15753.0,7800.0,8709.0,https://doi.org/10.1287/trsc.2015.0635
desaulniers2016,train,desaulniers2016,A Branch-Price-and-Cut Algorithm for the Inventory-Routing Problem,2016,min,Lot Sizing / Inventory,operational,MIP,Supply Chain & Inventory,Q3,Q3,3600.84,3600.87,33213.0,31725.0,32868.0,https://doi.org/10.1287/trsc.2015.0635
dienstknecht2024,train,dienstknecht2024,Sharing in construction projects: On determining optimal container assignments for the on-site accommodation of trades,2024,min,Other (Resource Assignment),strategic,MIP,Manufacturing & Production,Q1,Q2,3.09,3.65,14560.0,7378.0,23714.0,https://doi.org/10.1016/j.ejor.2023.11.045
earl2005,train,earl2005,Multi-vehicle Cooperative Control Using Mixed Integer Linear Programming,2005,min,Other (Cooperative Control),operational,MIP,Aerospace & Aviation,Q2,Q3,132.45999999999998,151.6,44170.0,41174.0,122024.0,https://arxiv.org/abs/cs/0501092
eiselt2009,holdout,eiselt2009,A conditional p-hub location problem with attraction functions,2009,max,Facility Location,planning,MIP,Aerospace & Aviation,Q4,Q4,3608.705,3608.74,195925.0,325.0,586201.0,https://doi.org/10.1016/j.cor.2008.11.014
elci2022,train,elci2022,Stochastic Planning and Scheduling with Logic-Based Benders Decomposition,2022,min,Scheduling (Machine / Crew / Workforce),strategic,Stochastic/Robust/DRO,Manufacturing & Production,Q3,Q4,1937.915,2000.18,1525989.0,1525864.0,1617160.0,https://doi.org/10.1287/ijoc.2022.1184
engineer2012,test,engineer2012,A Branch-Price-and-Cut Algorithm for Single-Product Maritime Inventory Routing,2012,min,Lot Sizing / Inventory,operational,MIP,Supply Chain & Inventory,Q2,Q2,357.55,1632.81,13456.0,6588.0,14305.0,https://doi.org/10.1287/opre.1110.0997
fischetti1997,test,fischetti1997,A Branch-and-Cut Algorithm for the Symmetric Generalized Traveling Salesman Problem,1997,min,Vehicle Routing & TSP,operational,IP,Transportation & Logistics,Q4,Q3,3602.6899999999996,3602.97,96814.0,96814.0,39516.0,https://doi.org/10.1287/opre.45.3.378
fischetti1998,train,fischetti1998,Solving the Orienteering Problem through Branch-and-Cut,1998,max,Vehicle Routing & TSP,operational,IP,Transportation & Logistics,Q1,Q4,84.82,125.23,125250.0,125250.0,249503.0,https://doi.org/10.1287/ijoc.10.2.133
fischetti2017,train,fischetti2017,Redesigning Benders Decomposition for Large-Scale Facility Location,2016,min,Facility Location,planning,MIP,Transportation & Logistics,Q3,Q4,2959.495,3600.78,933380.0,140.0,469953.0,https://pubsonline.informs.org/doi/10.1287/mnsc.2016.2461
fleszar2022b,train,fleszar2022b,A branch-and-bound algorithm for the quadratic multiple knapsack problem,2022,max,Packing / Cutting Stock,planning,QP/MIQP,Foundational / Theoretical,Q3,Q1,3600.245,3600.27,600.0,600.0,70.0,https://www.sciencedirect.com/science/article/abs/pii/S0377221721005336
forrest2006,train,forrest2006,A Column-Generation Approach to the Multiple Knapsack Problem with Color Constraints,2006,max,Other (Knapsack),strategic,IP,Manufacturing & Production,Q2,Q3,266.095,274.55,82355.0,82355.0,75237.0,https://doi.org/10.1287/ijoc.1040.0078
fragkos2016,holdout,fragkos2016,A Horizon Decomposition Approach for the Capacitated Lot-Sizing Problem with Setup Times,2016,min,Lot Sizing / Inventory,strategic,MIP,Manufacturing & Production,Q3,Q1,3600.395,3600.4,3010.0,1000.0,2110.0,https://doi.org/10.1287/ijoc.2016.0691
fragkos2021,train,fragkos2021,A General Model and Efficient Algorithms for Reliable Facility Location Problem under Uncertain Disruptions,2021,min,Facility Location,planning,Stochastic/Robust/DRO,Transportation & Logistics,Q3,Q1,3600.0,3600.0,10001.0,10000.0,0.0,https://doi.org/10.1287/ijoc.2021.1063
freeman2018,train,freeman2018,Attractive Orienteering Problem with Proximity and Timing Interactions,2018,max,Vehicle Routing & TSP,strategic,MIP,Sports & Entertainment,Q1,Q4,94.36500000000001,102.68,234930.0,1710.0,692599.0,https://doi.org/10.1016/j.ejor.2017.09.025
freling2003,train,freling2003,A Branch-and-Price Algorithm for the Multiperiod Single-Sourcing Problem,2003,min,Facility Location,strategic,MIP,Manufacturing & Production,Q1,Q1,77.82,117.59,1974.0,1890.0,219.0,https://doi.org/10.1287/opre.51.6.922.24914
frey2017,train,frey2017,Column Generation for Outbound Baggage Handling at Airports,2017,min,Other (Airport Scheduling),operational,MIP,Aerospace & Aviation,Q1,Q4,109.99499999999999,175.01,1205240.0,1156189.0,62996.0,https://doi.org/10.1287/trsc.2017.0739
furini2016,train,furini2016,Modeling Two-Dimensional Guillotine Cutting Problems via Integer Programming,2016,max,Packing / Cutting Stock,operational,MIP,Manufacturing & Production,Q4,Q4,3622.41,3622.53,3281559.0,3281559.0,37797.0,https://doi.org/10.1287/ijoc.2016.0710
furini2017,train,furini2017,An Improved DSATUR-Based Branch-and-Bound Algorithm for the Vertex Coloring Problem,2017,min,Graph Optimization,planning,BIP,Foundational / Theoretical,Q1,Q1,57.75,73.66,1029.0,1029.0,14465.0,https://onlinelibrary.wiley.com/doi/abs/10.1002/net.21716
furini2019,train,furini2019,A Branch and Bound Algorithm for the Maximum Clique Problem,1992,max,Graph Optimization,planning,BIP,Foundational / Theoretical,Q4,Q2,3603.06,3603.47,1000.0,1000.0,349500.0,https://doi.org/10.1016/0305-0548(92)90067-f
furini2021,train,furini2021,A branch-and-cut algorithm for the Edge Interdiction Clique Problem,2021,min,Graph Optimization,planning,BIP,Foundational / Theoretical,Q3,Q1,3600.175,3600.18,2543.0,2543.0,2.0,https://www.sciencedirect.com/science/article/abs/pii/S0377221721000606
gamache1999,train,gamache1999,A Column Generation Approach for Large-Scale Aircrew Rostering Problems,1999,min,Scheduling (Machine / Crew / Workforce),strategic,MIP,Aerospace & Aviation,Q1,Q1,88.47999999999999,105.24,228907.0,228875.0,82.0,https://doi.org/10.1287/opre.47.2.247
gangammanavar2020,test,gangammanavar2020,Stochastic Decomposition for Two-Stage Stochastic Linear Programs with Random Cost Coefficients,2020,min,Stochastic / Robust / Bilevel Optimization,planning,Stochastic/Robust/DRO,Foundational / Theoretical,Q1,Q4,114.94,118.24,3302127.0,0.0,76400.0,https://doi.org/10.1287/ijoc.2019.0929
garcia2011,train,garcia2011,Solving Large p-Median Problems with a Radius Formulation,2011,min,Facility Location,planning,MIP,Foundational / Theoretical,Q1,Q3,77.66,79.04,88397.0,300.0,88098.0,https://pubsonline.informs.org/doi/10.1287/ijoc.1100.0418
gruson2021,train,gruson2021,Benders decomposition for a stochastic three-level lot sizing and replenishment problem with a distribution structure,2021,min,Lot Sizing / Inventory,planning,Stochastic/Robust/DRO,Supply Chain & Inventory,Q2,Q4,545.955,803.57,4825320.0,1320.0,4824088.0,https://doi.org/10.1016/j.ejor.2020.09.019
gschwind2021,test,gschwind2021,A Branch-and-Price Framework for Decomposing Graphs into Relaxed Cliques,2021,min,Graph Optimization,operational,MIP,Foundational / Theoretical,Q4,Q1,3620.4587895465083,3622.7386569269,500.0,0.0,500.0,https://doi.org/10.1287/ijoc.2020.0984
gualandi2012,train,gualandi2012,Exact Solution of Graph Coloring Problems via Constraint Programming and Column Generation,2012,min,Graph Optimization,planning,CP,Foundational / Theoretical,Q3,Q3,1807.63,3604.67,10251.0,10251.0,634540.0,https://pubsonline.informs.org/doi/10.1287/ijoc.1100.0436
guo2021,train,guo2021,Logic-based Benders Decomposition and Binary Decision Diagram Based Approaches for Stochastic Distributed Operating Room Scheduling,2021,min,Scheduling (Machine / Crew / Workforce),operational,Stochastic/Robust/DRO,Healthcare,Q4,Q4,3607.78,3607.83,568286.0,568286.0,575895.0,https://pubsonline.informs.org/doi/10.1287/ijoc.2020.1036
hadjar2006,train,hadjar2006,A Branch-and-Cut Algorithm for the Multiple Depot Vehicle Scheduling Problem,2006,min,Vehicle Scheduling,operational,MIP,Public Transit & Mobility,Q2,Q3,148.6836614185013,186.43671914376318,780210.0,780210.0,4212.0,https://doi.org/10.1287/opre.1050.0240
hassannayebi2016,train,hassannayebi2016,Variable and adaptive neighbourhood search algorithms for rail rapid transit timetabling problem,2016,min,Vehicle Scheduling,strategic,MIP,Public Transit & Mobility,Q4,Q1,3600.94,3601.0,585.0,0.0,584.0,https://doi.org/10.1016/j.cor.2015.12.011
he2020,test,he2020,Branch-and-Cut-and-Price for the Vehicle Routing Problem with Time Windows and Convex Node Costs,2019,min,Vehicle Routing & TSP,operational,MIP,Transportation & Logistics,Q4,Q2,3613.735,3624.26,27962.0,27930.0,28949.0,https://pubsonline.informs.org/doi/10.1287/trsc.2019.0891
hewitt2024,train,hewitt2024,Production planning under demand and endogenous supply uncertainty,2025,max,Stochastic / Robust / Bilevel Optimization,strategic,Stochastic/Robust/DRO,Manufacturing & Production,Q4,Q4,3606.865,3608.19,307640.0,2590.0,551595.0,https://doi.org/10.1287/ijoc.2023.0067
hoffman1993,train,hoffman1993,Solving Airline Crew Scheduling Problems by Branch-and-Cut,1993,min,Scheduling (Machine / Crew / Workforce),strategic,MIP,Aerospace & Aviation,Q2,Q1,1806.7150000000001,3600.59,15000.0,15000.0,100.0,https://doi.org/10.1287/mnsc.39.6.657
hosseinian2020,holdout,hosseinian2020,A Lagrangian Bound on the Clique Number and an Exact Algorithm for the Maximum Edge Weight Clique Problem,2020,max,Graph Optimization,planning,MIP,Foundational / Theoretical,Q4,Q3,3601.3,3601.49,40300.0,40300.0,119700.0,https://pubsonline.informs.org/doi/10.1287/ijoc.2019.0898
huisman2005,train,huisman2005,Multiple-Depot Integrated Vehicle and Crew Scheduling,2005,min,Vehicle Scheduling,operational,MIP,Public Transit & Mobility,Q1,Q2,100.9,100.9,287214.0,287214.0,1512.0,https://doi.org/10.1287/trsc.1040.0104
ji2019,test,ji2019,Exact and heuristic methods for optimizing lock-quay system in inland waterway,2019,min,Other (Container Terminal),strategic,MIP,Transportation & Logistics,Q3,Q2,3600.815,3600.85,3738.0,2274.0,7261.0,https://doi.org/10.1016/j.ejor.2019.03.010
juvin2023,train,juvin2023,Logic-based Benders decomposition for the preemptive Flexible Job-Shop Scheduling Problem,2023,min,Scheduling (Machine / Crew / Workforce),operational,CP,Manufacturing & Production,Q1,Q3,66.05,68.35,39828.0,39827.0,111343.0,https://doi.org/10.1016/j.cor.2023.106156
kang2021,holdout,kang2021,An Exact Algorithm for Heterogeneous Drone-Truck Routing Problem,2021,min,Vehicle Routing & TSP,operational,MIP,Transportation & Logistics,Q3,Q2,3600.535,3600.71,7654.0,7551.0,2809.0,https://doi.org/10.1287/trsc.2021.1055
klose2005,test,klose2005,Lower Bounds for the Capacitated Facility Location Problem Based on Column Generation,2005,min,Facility Location,planning,MIP,Transportation & Logistics,Q3,Q4,2142.285,3614.82,1125750.0,750.0,1127251.0,https://doi.org/10.1287/mnsc.1050.0410
knueven2020,train,knueven2020,On Mixed Integer Programming Formulations for the Unit Commitment Problem,2020,min,Energy & Unit Commitment,operational,MIP,Energy & Power Systems,Q2,Q4,1079.485,1229.34,450144.0,129600.0,623040.0,https://doi.org/10.1287/ijoc.2019.0944
kobayashi2021,train,kobayashi2021,Bilevel Cutting-plane Algorithm for Solving Cardinality-constrained Mean-CVaR Portfolio Optimization Problems,2021,min,Portfolio Optimization,strategic,Bilevel/Multi-level,Finance & Investment,Q1,Q2,88.215,99.46,10452.0,225.0,10229.0,https://doi.org/10.1007/s10898-021-01048-5
kobeaga2024,train,kobeaga2024,A revisited branch-and-cut algorithm for large-scale orienteering problems,2024,max,Graph Optimization,operational,MIP,Foundational / Theoretical,Q4,Q3,3603.33,3603.45,45150.0,45150.0,90002.0,https://www.sciencedirect.com/science/article/pii/S0377221723005933
kowalczyk2018,train,kowalczyk2018,A Branch-and-Price Algorithm for Parallel Machine Scheduling Using ZDDs and Generic Branching,2018,min,Scheduling (Machine / Crew / Workforce),strategic,IP,Manufacturing & Production,Q1,Q1,7.935,8.79,284784.0,284784.0,31.0,https://doi.org/10.1287/ijoc.2018.0809
kowalczyk2024,test,kowalczyk2024,A Flow-Based Formulation for Parallel Machine Scheduling Using Decision Diagrams,2024,min,Scheduling (Machine / Crew / Workforce),strategic,IP,Manufacturing & Production,Q2,Q3,190.93,235.66,130970.0,65485.0,65536.0,https://doi.org/10.1287/ijoc.2022.0301
kress2019,train,kress2019,An Exact Solution Approach for Scheduling Cooperative Gantry Cranes,2019,min,Other (Container Terminal),strategic,IP,Transportation & Logistics,Q3,Q3,3571.0275924820453,3610.234077123925,47600.0,47029.0,65965.0,https://doi.org/10.1016/j.ejor.2018.07.045
kreter2018,train,kreter2018,Mixed-Integer Linear Programming and Constraint Programming Formulations for Solving Resource Availability Cost Problems,2018,min,Other (Project Scheduling),planning,MIP,Manufacturing & Production,Q4,Q3,3610.64,3613.14,52059.0,52055.0,110513.0,https://doi.org/10.1016/j.ejor.2017.10.014
lai2021,train,lai2021,Neighborhood decomposition based variable neighborhood search and tabu search for maximally diverse grouping,2021,max,Other (Grouping / Partitioning),planning,MIP,Foundational / Theoretical,Q4,Q1,3616.415,3616.42,20000.0,20000.0,500.0,https://www.sciencedirect.com/science/article/abs/pii/S0377221720306743
laporte2003,holdout,laporte2003,A Branch-and-Cut Algorithm for the Undirected Traveling Purchaser Problem,2003,min,Vehicle Routing & TSP,operational,IP,Transportation & Logistics,Q2,Q2,223.01,437.81,10091.0,5050.0,5440.0,https://doi.org/10.1287/opre.51.6.940.24921
lee1996,train,lee1996,A Branch and Cut Algorithm for a Steiner Tree-Star Problem,1996,min,Graph Optimization,planning,IP,Telecommunications & Networking,Q1,Q2,8.64,10.43,12985.0,70.0,15621.0,https://doi.org/10.1287/ijoc.8.3.194
legrain2020,test,legrain2020,A rotation-based branch-and-price approach for the nurse scheduling problem,2020,min,Scheduling (Machine / Crew / Workforce),strategic,IP,Healthcare,Q4,Q4,3602.3599999999997,3602.37,176408.0,104672.0,183512.0,https://link.springer.com/article/10.1007/s12532-019-00172-4
legrain2024,holdout,legrain2024,A dedicated pricing algorithm to solve a large family of nurse scheduling problems with branch-and-price,2024,min,Scheduling (Machine / Crew / Workforce),strategic,IP,Healthcare,Q3,Q3,1878.1955983196385,3601.5477789714932,99298.0,60736.0,92762.0,https://pubsonline.informs.org/doi/10.1287/ijoc.2023.0019
letelier2022,train,letelier2022,Bin Packing Problem with Time Lags,2022,min,Packing / Cutting Stock,planning,BIP,Transportation & Logistics,Q4,Q3,3602.2749999999996,3602.85,188544.0,188544.0,26914.0,https://pubsonline.informs.org/doi/10.1287/ijoc.2022.1165
levin2017,train,levin2017,Congestion-aware system optimal route choice for shared autonomous vehicles,2017,min,Vehicle Routing & TSP,operational,NLP/MINLP,Transportation & Logistics,Q2,Q4,140.22,141.69,9451376.0,0.0,3920817.0,https://doi.org/10.1016/j.trc.2017.06.020
li2020,train,li2020,A bi-level model and solution methods for partial interdiction problem on capacitated hierarchical facilities,2020,max,Stochastic / Robust / Bilevel Optimization,planning,Bilevel/Multi-level,Public Service & Government,Q3,Q2,3600.275,3600.29,10171.0,140.0,9977.0,https://doi.org/10.1016/j.cor.2019.104831
liao2020,train,liao2020,A Distributionally Robust Optimization Approach for Outpatient Colonoscopy Scheduling,2020,min,Stochastic / Robust / Bilevel Optimization,operational,Stochastic/Robust/DRO,Healthcare,Q2,Q2,1625.7907076324336,1956.286275235936,6104.0,729.0,18848.0,https://doi.org/10.1016/j.ejor.2019.11.039
lozano2017,test,lozano2017,A Value-Function-Based Exact Approach for the Bilevel Mixed-Integer Programming Problem,2017,max,Stochastic / Robust / Bilevel Optimization,planning,Bilevel/Multi-level,Foundational / Theoretical,Q2,Q1,521.7952636643313,546.2803139062598,4658.0,0.0,1862.0,https://doi.org/10.1287/opre.2017.1589
luo2017,train,luo2017,Branch and Price and Cut for the Split-Delivery Vehicle Routing Problem with Time Windows and Linear Weight-Related Cost,2017,min,Vehicle Routing & TSP,operational,MIP,Transportation & Logistics,Q3,Q3,2205.765,3601.0,42867.0,20856.0,44054.0,https://doi.org/10.1287/trsc.2015.0666
mansini2020,train,mansini2020,A Core-Based Exact Algorithm for the Multidimensional Multiple Choice Knapsack Problem,2020,max,Packing / Cutting Stock,planning,IP,Foundational / Theoretical,Q2,Q3,124.795,130.21,612000.0,612000.0,12051.0,https://pubsonline.informs.org/doi/10.1287/ijoc.2019.0909
martello1999,test,martello1999,Dynamic Programming and Strong Bounds for the 0-1 Knapsack Problem,1999,max,Packing / Cutting Stock,planning,IP,Foundational / Theoretical,Q2,Q1,148.555,233.24,10000000.0,10000000.0,1.0,https://pubsonline.informs.org/doi/10.1287/mnsc.45.3.414
martin-iradi2024,train,martin-iradi2024,An adaptive large neighborhood search heuristic for the multi-port continuous berth allocation problem,2024,min,Other (Container Terminal),strategic,MIP,Transportation & Logistics,Q3,Q2,3600.8450000000003,3601.1,9067.0,8500.0,10721.0,https://doi.org/10.1016/j.ejor.2024.02.003
mehrotra1996,train,mehrotra1996,A Column Generation Approach for Graph Coloring,1996,min,Graph Optimization,planning,IP,Foundational / Theoretical,Q4,Q1,3630.3744563204236,3633.996225995943,98.0,0.0,250.0,https://doi.org/10.1287/ijoc.8.4.344
mingozzi1999,train,mingozzi1999,An Exact Method for the Vehicle Routing Problem with Backhauls,1999,min,Vehicle Routing & TSP,operational,IP,Transportation & Logistics,Q2,Q2,137.59,187.29,9866126.0,9866126.0,33.0,https://doi.org/10.1287/trsc.33.3.315
morrison2016,test,morrison2016,Solving the Pricing Problem in a Branch-and-Price Algorithm for Graph Coloring using Zero-Suppressed Binary Decision Diagrams,2016,min,Graph Optimization,planning,IP,Foundational / Theoretical,Q1,Q3,55.084999999999994,97.21,4497833.0,4497833.0,300.0,https://pubsonline.informs.org/doi/10.1287/ijoc.2015.0667
muter2010,test,muter2010,Combination of Metaheuristic and Exact Algorithms for Solving Set Covering-Type Optimization Problems,2010,min,Other (Set Covering / Partitioning),operational,BIP,Transportation & Logistics,Q2,Q1,766.8826739075594,1523.6928333165124,526526.0,526526.0,33.0,https://pubsonline.informs.org/doi/10.1287/ijoc.1090.0376
nagy2015,train,nagy2015,The Vehicle Routing Problem with Divisible Deliveries and Pickups,2015,min,Vehicle Routing & TSP,operational,MIP,Transportation & Logistics,Q4,Q4,3604.39,3604.89,477603.0,159201.0,240399.0,https://doi.org/10.1287/trsc.2013.0501
oliveira2020,train,oliveira2020,An Improved Branch-Cut-and-Price Algorithm for Parallel Machine Scheduling Problems,2020,min,Scheduling (Machine / Crew / Workforce),strategic,BIP,Manufacturing & Production,Q1,Q2,0.3229837752878666,0.22707281820476055,71116.0,71116.0,5381.0,https://pubsonline.informs.org/doi/10.1287/ijoc.2018.0854
ostrowski2012,train,earl2005,Multi-vehicle Cooperative Control Using Mixed Integer Linear Programming (legacy alias),2005,min,Other (Cooperative Control),operational,MIP,Aerospace & Aviation,Q2,Q3,191.0002320013009,195.68431826401502,44170.0,41174.0,122024.0,https://arxiv.org/abs/cs/0501092
ozturk2020,train,ozturk2020,A truncated column generation algorithm for the parallel batch scheduling problem to minimize total flow time,2020,min,Scheduling (Machine / Crew / Workforce),operational,BIP,Manufacturing & Production,Q3,Q2,3600.75,3600.98,10450.0,10000.0,30446.0,https://doi.org/10.1016/j.ejor.2020.03.044
pecin2017,train,pecin2017,New Enhancements for the Exact Solution of the Vehicle Routing Problem with Time Windows,2017,min,Vehicle Routing & TSP,operational,BIP,Transportation & Logistics,Q4,Q3,3601.49,3601.61,40605.0,40201.0,81207.0,https://doi.org/10.1287/ijoc.2016.0744
pedersen2024,train,pedersen2024,An efficient solver for large-scale onshore wind farm siting including cable routing,2024,min,Network Design & Flow,planning,MIP,Energy & Power Systems,Q2,Q4,1381.1399999999999,1387.68,878414.0,439532.0,440844.0,https://doi.org/10.1016/j.ejor.2024.04.026
pessoa2021,train,pessoa2021,Branch-cut-and-price for the robust capacitated vehicle routing problem with knapsack uncertainty,2021,min,Vehicle Routing & TSP,operational,Stochastic/Robust/DRO,Transportation & Logistics,Q3,Q2,1815.07,3600.65,6560.0,6480.0,6482.0,https://pubsonline.informs.org/doi/abs/10.1287/opre.2020.2035
pettersson2020,train,pettersson2020,Multiobjective Integer Programming: Synergistic Parallel Approaches,2020,min,Other (General MIP),planning,IP,Foundational / Theoretical,Q2,Q1,139.45,139.47,10000000.0,10000000.0,1.0,https://doi.org/10.1287/ijoc.2018.0875
pinnoi1997,train,pinnoi1997,A Branch and Cut Approach for Workload Smoothing on Assembly Lines,1997,min,Other (Assembly Line Balancing),planning,MIP,Manufacturing & Production,Q1,Q1,0.42,0.48,896.0,895.0,192.0,https://doi.org/10.1287/ijoc.9.4.335
potthoff2010,test,potthoff2010,Column Generation with Dynamic Duty Selection for Railway Crew Rescheduling,2010,min,Scheduling (Machine / Crew / Workforce),operational,BIP,Public Transit & Mobility,Q1,Q1,0.16989686340093613,0.16989686340093613,35948.0,35948.0,103.0,https://doi.org/10.1287/trsc.1100.0322
rahimian2017,train,rahimian2017,A Hybrid Integer Programming and Variable Neighbourhood Search Algorithm to Solve Nurse Rostering Problems,2017,min,Other (Nurse Rostering),strategic,MIP,Healthcare,Q1,Q3,17.145,22.65,112684.0,112684.0,166431.0,https://doi.org/10.1016/j.ejor.2016.09.030
rahmaniani2017,train,rahmaniani2017,Benders Decomposition for Large-Scale Uncapacitated Hub Location,2011,min,Facility Location,planning,MIP,Transportation & Logistics,Q2,Q4,137.05862870346755,137.31863779388368,3139014.0,100.0,499951.0,https://doi.org/10.1287/opre.1110.0965
rahmaniani2018,test,rahmaniani2018,A computationally efficient Benders decomposition for energy systems planning problems with detailed operations and time-coupling constraints,2023,min,Energy & Unit Commitment,planning,MIP,Energy & Power Systems,Q2,Q3,223.20518917869776,232.11549211107194,69793.0,159.0,122237.0,https://doi.org/10.1287/ijoo.2023.0005
rahmaniani2020,train,rahmaniani2020,The Benders Dual Decomposition Method,2020,min,Stochastic / Robust / Bilevel Optimization,planning,Stochastic/Robust/DRO,Foundational / Theoretical,Q2,Q4,274.90999999999997,327.03,1750050.0,50.0,52501.0,https://doi.org/10.1287/opre.2019.1892
rahmaniani2022,train,rahmaniani2022,A computationally efficient Benders decomposition for energy systems planning problems with detailed operations and time-coupling constraints,2023,min,Energy & Unit Commitment,planning,MIP,Energy & Power Systems,Q2,Q3,166.42449453985319,225.45050676353276,47208.0,108.0,115427.0,https://doi.org/10.1287/ijoo.2023.0005
reihaneh2019,train,reihaneh2019,A Branch-and-Price Algorithm for a Vehicle Routing with Demand Allocation Problem,2019,min,Vehicle Routing & TSP,operational,BIP,Transportation & Logistics,Q3,Q2,3600.8199999999997,3600.83,12800.0,5150.0,26637.0,https://doi.org/10.1016/j.ejor.2018.06.049
reinhardt2016,test,reinhardt2016,The Edge Set Cost of the Vehicle Routing Problem with Time Windows,2016,min,Vehicle Routing & TSP,operational,BIP,Transportation & Logistics,Q4,Q3,3601.6949999999997,3601.71,67248.0,65608.0,66395.0,https://doi.org/10.1287/trsc.2014.0580
ribeiro1994,holdout,ribeiro1994,A Column Generation Approach to the Multiple-Depot Vehicle Scheduling Problem,1994,min,Vehicle Scheduling,strategic,BIP,Public Transit & Mobility,Q1,Q3,51.235,53.6,537318.0,537318.0,4518.0,https://doi.org/10.1287/opre.42.1.41
riley2025,holdout,riley2025,Integer L-Shaped Method with Non-Supporting No-Good Optimality Cuts,2025,min,Stochastic / Robust / Bilevel Optimization,planning,Stochastic/Robust/DRO,Supply Chain & Inventory,Q2,Q4,304.2972150063142,304.5848647747189,10357863.0,3969663.0,370020.0,https://arxiv.org/abs/2511.06340
roberti2015,train,roberti2015,The Fixed Charge Transportation Problem: An Exact Algorithm Based on a New Integer Programming Formulation,2015,min,Other (Transportation),planning,MIP,Transportation & Logistics,Q3,Q2,3600.27,3600.27,9800.0,4900.0,5040.0,https://doi.org/10.1287/mnsc.2014.1947
roberti2018,train,roberti2018,A branch-and-cut algorithm for the two-echelon capacitated vehicle routing problem with grouping constraints,2018,min,Vehicle Routing & TSP,operational,BIP,Transportation & Logistics,Q3,Q2,3600.4049999999997,3600.41,6600.0,3550.0,21345.0,https://doi.org/10.1016/j.ejor.2017.10.017
roberti2021,train,roberti2021,Exact Methods for the Traveling Salesman Problem with Drone,2021,min,Vehicle Routing & TSP,operational,MIP,Transportation & Logistics,Q2,Q1,124.39000000000001,128.33,478.0,462.0,602.0,https://doi.org/10.1287/trsc.2020.1017
ropke2009,train,ropke2009,Branch and Cut and Price for the Pickup and Delivery Problem with Time Windows,2009,min,Vehicle Routing & TSP,operational,BIP,Transportation & Logistics,Q4,Q4,3608.18,3608.36,216161.0,208593.0,424753.0,https://doi.org/10.1287/trsc.1090.0272
roshanaei2017,train,roshanaei2017,Collaborative Operating Room Planning and Scheduling,2017,min,Scheduling (Machine / Crew / Workforce),strategic,MIP,Healthcare,Q4,Q4,3608.285,3608.76,103862.0,101663.0,213791.0,https://doi.org/10.1287/ijoc.2017.0745
rostami2021,holdout,rostami2021,Stochastic single-allocation hub location,2021,min,Facility Location,planning,Stochastic/Robust/DRO,Transportation & Logistics,Q2,Q4,751.745,784.83,5049600.0,49600.0,150501.0,https://doi.org/10.1016/j.ejor.2020.07.051
rothenbacher2018,train,rothenbacher2018,Branch-and-Price-and-Cut for the Truck-and-Trailer Routing Problem with Time Windows,2018,min,Vehicle Routing & TSP,operational,BIP,Transportation & Logistics,Q4,Q4,3626.12,3626.55,268028.0,258932.0,1067602.0,https://doi.org/10.1287/trsc.2017.0765
rothenbacher2019,train,rothenbacher2019,Branch-and-Price-and-Cut for the Periodic Vehicle Routing Problem with Flexible Schedule Structures,2019,min,Lot Sizing / Inventory,operational,BIP,Supply Chain & Inventory,Q2,Q1,1487.38,1499.28,64115.0,64115.0,214.0,https://doi.org/10.1287/trsc.2018.0855
ruiz2007,train,ruiz2007,An effective iterated greedy algorithm for the mixed no-idle permutation flowshop scheduling problem,2014,min,Scheduling (Machine / Crew / Workforce),operational,CP,Manufacturing & Production,Q2,Q2,672.78,3600.55,9167.0,7921.0,2656.0,https://doi.org/10.1016/j.omega.2013.10.002
sadykov2013,holdout,sadykov2013,Bin Packing with Conflicts: a Generic Branch-and-Price Algorithm,2013,min,Packing / Cutting Stock,planning,BIP,Foundational / Theoretical,Q4,Q3,3603.99,3604.18,12210.0,12210.0,461889.0,https://pubsonline.informs.org/doi/10.1287/ijoc.1120.0499
salemi2022,train,salemi2022,On the Structure of Decision Diagram-Representable Mixed Integer Programs with Application to Unit Commitment,2022,min,Energy & Unit Commitment,strategic,MIP,Energy & Power Systems,Q4,Q4,3615.08,3615.15,489600.0,7200.0,1238956.0,https://doi.org/10.1287/opre.2022.2353
samarghandi2017,train,samarghandi2017,On the exact solution of the no-wait flow shop problem with due date constraints,2017,min,Scheduling (Machine / Crew / Workforce),operational,IP,Manufacturing & Production,Q4,Q1,3603.2650000000003,3603.75,601.0,400.0,4271.0,https://doi.org/10.1016/j.cor.2016.12.013
sansegundo2016,holdout,sansegundo2016,A new exact maximum clique algorithm for large and massive sparse graphs,2016,max,Graph Optimization,operational,BIP,Foundational / Theoretical,Q1,Q4,97.02,112.8,4000.0,4000.0,7997482.0,https://doi.org/10.1016/j.cor.2015.07.013
sansegundo2023,train,sansegundo2023,CliSAT: A new exact algorithm for hard maximum clique problems,2023,max,Graph Optimization,planning,BIP,Foundational / Theoretical,Q3,Q2,1933.3649999999998,3602.95,1000.0,1000.0,399124.0,https://www.sciencedirect.com/science/article/pii/S0377221722008165
savelsbergh1997,train,savelsbergh1997,A Branch-and-Price Algorithm for the Generalized Assignment Problem,1997,max,Other (Generalized Assignment),strategic,MIP,Foundational / Theoretical,Q1,Q1,0.28500000000000003,0.34,2000.0,2000.0,120.0,https://doi.org/10.1287/opre.45.6.831
schwerdfeger2016,holdout,schwerdfeger2016,A fast and effective subset sum based improvement procedure for workload balancing on identical parallel machines,2016,min,Scheduling (Machine / Crew / Workforce),strategic,IP,Manufacturing & Production,Q1,Q1,24.655,26.5,3934.0,3920.0,294.0,https://doi.org/10.1016/j.cor.2016.03.008
segundo2019,test,segundo2019,A new branch-and-bound algorithm for the maximum edge-weighted clique problem,2019,max,Graph Optimization,planning,BIP,Foundational / Theoretical,Q4,Q4,3628.6,3628.93,627430.0,627430.0,3748680.0,https://www.sciencedirect.com/science/article/abs/pii/S0377221719303054
segundo2019b,train,segundo2019b,A new branch-and-bound algorithm for the Maximum Weighted Clique Problem,2019,max,Graph Optimization,planning,BIP,Foundational / Theoretical,Q4,Q3,3615.91,3616.78,3000.0,3000.0,3600074.0,https://www.sciencedirect.com/science/article/abs/pii/S0305054819301303
seker2021,train,seker2021,An Exact Cutting Plane Algorithm to Solve the Selective Graph Coloring Problem in Perfect Graphs,2021,min,Graph Optimization,planning,BIP,Foundational / Theoretical,Q1,Q4,67.17,84.04,33567.0,33567.0,5768230.0,https://www.sciencedirect.com/science/article/abs/pii/S0377221720308031
song2021,train,song2021,Polyhedral Results and Branch-and-Cut for the Resource Loading Problem,2021,min,Other (Resource Loading),strategic,MIP,Manufacturing & Production,Q1,Q3,13.065000000000001,16.75,69536.0,62367.0,14563.0,https://doi.org/10.1287/ijoc.2020.0957
spliet2015,train,spliet2015,The Time Window Assignment Vehicle Routing Problem,2015,min,Vehicle Routing & TSP,operational,Stochastic/Robust/DRO,Transportation & Logistics,Q3,Q1,3600.93,3601.01,2131.0,1950.0,4053.0,https://doi.org/10.1287/trsc.2013.0510
taninmis2022,train,taninmis2022,A Nested Cross Decomposition Algorithm for Power System Capacity Expansion with Multiscale Uncertainties,2022,min,Energy & Unit Commitment,planning,Stochastic/Robust/DRO,Energy & Power Systems,Q3,Q4,2908.129056280479,2976.200261361897,3747938.0,1113649.0,6714930.0,https://doi.org/10.1287/ijoc.2022.1177
tran2018,train,tran2018,An Efficient Heuristic Algorithm for the Alternative-Fuel Station Location Problem,2018,max,Facility Location,planning,MIP,Transportation & Logistics,Q1,Q2,39.625,75.82,4160.0,1000.0,56280.0,https://doi.org/10.1016/j.ejor.2017.10.012
vidal2011,train,vidal2011,A Hybrid Genetic Algorithm for Multi-Depot and Periodic Vehicle Routing Problems,2012,min,Vehicle Routing & TSP,operational,MIP,Transportation & Logistics,Q4,Q2,3601.18,3601.31,70548.0,70548.0,4412.0,https://doi.org/10.1287/opre.1120.1048
walteros2020,train,walteros2020,Why Is Maximum Clique Often Easy in Practice?,2020,max,Graph Optimization,planning,BIP,Foundational / Theoretical,Q1,Q3,37.135,37.58,3000.0,3000.0,4497847.0,https://pubsonline.informs.org/doi/10.1287/opre.2019.1970
wang2019,train,wang2019,A hybrid algorithm for large-scale service network design considering a heterogeneous fleet,2019,min,Network Design & Flow,planning,MIP,Transportation & Logistics,Q4,Q3,3602.25,3602.56,328000.0,8000.0,17200.0,https://doi.org/10.1016/j.ejor.2019.01.022
wang2025,train,wang2025,An efficient branch-and-cut algorithm for approximately submodular function maximization,2019,max,Other (Submodular Optimization),strategic,BIP,Foundational / Theoretical,Q2,Q1,248.07,495.68,61.0,60.0,10.0,https://doi.org/10.1109/smc.2019.8913989
wangk2020,test,wangk2020,A Stochastic Integer Programming Approach to Air Traffic Scheduling and Operations,2020,min,Vehicle Scheduling,operational,Stochastic/Robust/DRO,Aerospace & Aviation,Q2,Q4,238.325,238.96,2270298.0,1861248.0,6929616.0,https://doi.org/10.1287/opre.2020.1985
wangy2020,train,wangy2020,The Rank-One Quadratic Assignment Problem,2020,min,Other (Quadratic Assignment),planning,QP/MIQP,Foundational / Theoretical,Q1,Q3,100.69999999999999,100.99,4000035.0,4000017.0,4070.0,https://pubsonline.informs.org/doi/10.1287/ijoc.2020.1003
watermeyer2020,train,watermeyer2020,A branch-and-bound procedure for the resource-constrained project scheduling problem with partially renewable resources and general temporal constraints,2020,min,Other (Project Scheduling),operational,CP,Manufacturing & Production,Q4,Q4,3604.0299999999997,3604.59,149432.0,149432.0,150393.0,https://link.springer.com/article/10.1007/s00291-020-00583-z
watermeyer2022,train,watermeyer2022,A partition-based branch-and-bound algorithm for the project duration problem with partially renewable resources and general temporal constraints,2022,min,Other (Project Scheduling),operational,CP,Manufacturing & Production,Q2,Q3,134.91500000000002,140.0,124616.0,124616.0,38024.0,https://link.springer.com/article/10.1007/s00291-021-00654-9
watermeyer2023,holdout,watermeyer2023,A constructive branch-and-bound algorithm for the project duration problem with partially renewable resources and general temporal constraints,2023,min,Other (Project Scheduling),operational,CP,Manufacturing & Production,Q1,Q2,80.48,102.54,30383.0,30383.0,3108.0,https://link.springer.com/article/10.1007/s10951-022-00735-9
wei2020,train,wei2020,A New Branch-and-Price-and-Cut Algorithm for One-Dimensional Bin-Packing Problems,2020,min,Packing / Cutting Stock,planning,BIP,Transportation & Logistics,Q4,Q3,3602.395,3602.59,670672.0,670672.0,2338.0,https://pubsonline.informs.org/doi/abs/10.1287/ijoc.2018.0867
wei2020b,train,wei2020b,A branch-and-price algorithm for the two-dimensional vector packing problem,2020,min,Packing / Cutting Stock,planning,BIP,Transportation & Logistics,Q1,Q1,7.88,12.53,1440.0,1440.0,130.0,https://www.sciencedirect.com/science/article/abs/pii/S0377221719306770
wu2018,holdout,wu2018,Analytics Branching and Selection for the Capacitated Multi-Item Lot Sizing Problem with Nonidentical Machines,2018,min,Lot Sizing / Inventory,planning,MIP,Manufacturing & Production,Q3,Q1,3600.215,3600.22,3850.0,1540.0,3192.0,https://pubsonline.informs.org/doi/10.1287/ijoc.2017.0777
wu2022,train,wu2022,A supervised learning-driven heuristic for solving the facility location and production planning problem,2022,min,Facility Location,planning,MIP,Manufacturing & Production,Q1,Q4,106.02,141.7,659306.0,18848.0,56666.0,https://doi.org/10.1016/j.ejor.2021.11.028
wu2023,train,wu2023,Optimal Scenario Reduction for One- and Two-Stage Robust Optimization,2023,max,Stochastic / Robust / Bilevel Optimization,planning,Stochastic/Robust/DRO,Foundational / Theoretical,Q2,Q1,1546.9078423730098,1651.7177609149367,101.0,50.0,7551.0,https://doi.org/10.1016/j.ejor.2023.03.025
xie2019,train,xie2019,A Branch-and-Price Algorithm for the Integrated Berth Allocation and Quay Crane Assignment Problem,2019,min,Other (Container Terminal),strategic,MIP,Transportation & Logistics,Q2,Q4,121.4,135.65,125916.0,125756.0,229352.0,https://doi.org/10.1287/trsc.2019.0894
xu2024,train,xu2024,An Efficient Global Optimal Method for Cardinality Constrained Portfolio Optimization,2023,min,Portfolio Optimization,strategic,QP/MIQP,Finance & Investment,Q3,Q1,3600.665,3600.7,200.0,100.0,3.0,https://doi.org/10.1287/ijoc.2022.0344
yang2013,train,yang2013,An effective GRASP and tabu search for the 0–1 quadratic knapsack problem,2013,max,Other (Quadratic Knapsack),planning,QP/MIQP,Foundational / Theoretical,Q4,Q1,3604.925,3605.41,2000.0,2000.0,1.0,https://www.sciencedirect.com/science/article/abs/pii/S0305054812002675
zetina2019,train,zetina2019,Exact Algorithms based on Benders Decomposition for Multicommmodity Uncapacitated Fixed-charge Network Design,2019,min,Network Design & Flow,planning,MIP,Telecommunications & Networking,Q4,Q4,3614.995,3615.01,1121400.0,1400.0,1160000.0,https://doi.org/10.1016/j.cor.2019.07.007
zetina2020,holdout,zetina2020,Efficient Internal Strategies in Quantum Relaxation based Branch-and-Bound,2024,min,Other (Quadratic Optimization),planning,QP/MIQP,Foundational / Theoretical,Q4,Q1,3601.065,3601.15,182.0,182.0,0.0,https://doi.org/10.1109/qce60285.2024.00062
zhang2025,train,zhang2025,A Unified Column Generation and Elimination Method for Solving Large-Scale Set Partitioning Problems,2025,min,Other (Set Covering / Partitioning),planning,IP,Foundational / Theoretical,Q3,Q2,2689.3500000000004,3605.76,120000.0,120000.0,260.0,https://arxiv.org/abs/2503.16652
zohali2022,test,zohali2022,Solving the Type-2 Assembly Line Balancing with Setups Using Logic-Based Benders Decomposition,2022,min,Other (Assembly Line Balancing),planning,MIP,Manufacturing & Production,Q1,Q3,30.185626761987805,30.215197525918484,325571.0,325570.0,15434.0,https://doi.org/10.1287/ijoc.2020.1015
