phase,case_id,instance,solution,scale,gurobi_runtime_seconds,gurobi_runtime_status,gurobi_runtime_source,time_limit_seconds,time_limit_rule,eval_time_limit_seconds,checker_accepted
holdout,bragin2022,large_instance_5.json,large_solution_5.json,large,1.81,observed,historical_collaborator_archive,60,runtime <= 5s -> 60s,900,True
holdout,bragin2022,tiny_instance.json,tiny_solution.json,small,1.42,observed,historical_collaborator_archive,60,runtime <= 5s -> 60s,900,True
holdout,cordeau2014,large_instance_4.json,large_solution_4.json,large,3601.6832738369703,observed,current_rerun_20260831,900,runtime > 300s -> 900s,900,True
holdout,cordeau2014,tiny_instance.json,tiny_solution.json,small,0.32340638525784016,observed,current_rerun_20260831,60,runtime <= 5s -> 60s,900,True
holdout,damcikurt2016,large_instance_2.json,large_solution_2.json,large,755.4486540015787,observed,current_rerun_20260831,900,runtime > 300s -> 900s,900,True
holdout,damcikurt2016,tiny_instance.json,tiny_solution.json,small,62.902939279563725,observed,current_rerun_20260831,300,runtime <= 120s -> 300s,900,True
holdout,dayarian2019,large_instance_2.json,large_solution_2.json,large,3600.793936959468,observed,current_rerun_20260831,900,runtime > 300s -> 900s,900,True
holdout,dayarian2019,tiny_instance.json,tiny_solution.json,small,2.569692767225206,observed,current_rerun_20260831,60,runtime <= 5s -> 60s,900,True
holdout,delorme2020,large_instance_1.json,large_solution_1.json,large,860.22,observed,historical_collaborator_archive,900,runtime > 300s -> 900s,900,True
holdout,delorme2020,tiny_instance.json,tiny_solution.json,small,0.14,observed,historical_collaborator_archive,60,runtime <= 5s -> 60s,900,True
holdout,eiselt2009,large_instance_3.json,large_solution_3.json,large,3608.74,observed,historical_collaborator_archive,900,runtime > 300s -> 900s,900,True
holdout,eiselt2009,tiny_instance.json,tiny_solution.json,small,14.89,observed,historical_collaborator_archive,120,runtime <= 30s -> 120s,900,True
holdout,fragkos2016,large_instance_3.json,large_solution_3.json,large,3600.4,observed,historical_collaborator_archive,900,runtime > 300s -> 900s,900,True
holdout,fragkos2016,tiny_instance.json,tiny_solution.json,small,0.14,observed,historical_collaborator_archive,60,runtime <= 5s -> 60s,900,True
holdout,hosseinian2020,large_instance_2.json,large_solution_2.json,large,3601.49,observed,historical_collaborator_archive,900,runtime > 300s -> 900s,900,True
holdout,hosseinian2020,tiny_instance.json,tiny_solution.json,small,0.14,observed,historical_collaborator_archive,60,runtime <= 5s -> 60s,900,True
holdout,kang2021,large_instance_2.json,large_solution_2.json,large,3600.71,observed,historical_collaborator_archive,900,runtime > 300s -> 900s,900,True
holdout,kang2021,tiny_instance.json,tiny_solution.json,small,0.35,observed,historical_collaborator_archive,60,runtime <= 5s -> 60s,900,True
holdout,laporte2003,large_instance_3.json,large_solution_3.json,large,437.81,observed,historical_collaborator_archive,900,runtime > 300s -> 900s,900,True
holdout,laporte2003,tiny_instance.json,tiny_solution.json,small,0.39,observed,historical_collaborator_archive,60,runtime <= 5s -> 60s,900,True
holdout,legrain2024,large_instance_5.json,large_solution_5.json,large,3601.5477789714932,observed,current_rerun_20260831,900,runtime > 300s -> 900s,900,True
holdout,legrain2024,tiny_instance.json,tiny_solution.json,small,0.17503456585109234,observed,current_rerun_20260831,60,runtime <= 5s -> 60s,900,True
holdout,ribeiro1994,large_instance_2.json,large_solution_2.json,large,53.6,observed,historical_collaborator_archive,300,runtime <= 120s -> 300s,900,True
holdout,ribeiro1994,tiny_instance.json,tiny_solution.json,small,0.12,observed,historical_collaborator_archive,60,runtime <= 5s -> 60s,900,True
holdout,riley2025,large_instance_5.json,large_solution_5.json,large,304.5848647747189,observed,current_rerun_20260831,900,runtime > 300s -> 900s,900,True
holdout,riley2025,tiny_instance.json,tiny_solution.json,small,0.617145529948175,observed,current_rerun_20260831,60,runtime <= 5s -> 60s,900,True
holdout,rostami2021,large_instance_5.json,large_solution_5.json,large,784.83,observed,historical_collaborator_archive,900,runtime > 300s -> 900s,900,True
holdout,rostami2021,tiny_instance.json,tiny_solution.json,small,0.18,observed,historical_collaborator_archive,60,runtime <= 5s -> 60s,900,True
holdout,sadykov2013,large_instance_5.json,large_solution_5.json,large,3604.18,observed,historical_collaborator_archive,900,runtime > 300s -> 900s,900,True
holdout,sadykov2013,tiny_instance.json,tiny_solution.json,small,5.04,observed,historical_collaborator_archive,120,runtime <= 30s -> 120s,900,True
holdout,sansegundo2016,large_instance_1.json,large_solution_1.json,large,112.8,observed,historical_collaborator_archive,300,runtime <= 120s -> 300s,900,True
holdout,sansegundo2016,tiny_instance.json,tiny_solution.json,small,0.84,observed,historical_collaborator_archive,60,runtime <= 5s -> 60s,900,True
holdout,schwerdfeger2016,large_instance_1.json,large_solution_1.json,large,26.5,observed,historical_collaborator_archive,120,runtime <= 30s -> 120s,900,True
holdout,schwerdfeger2016,tiny_instance.json,tiny_solution.json,small,0.12,observed,historical_collaborator_archive,60,runtime <= 5s -> 60s,900,True
holdout,watermeyer2023,large_instance_5.json,large_solution_5.json,large,102.54,observed,historical_collaborator_archive,300,runtime <= 120s -> 300s,900,True
holdout,watermeyer2023,tiny_instance.json,tiny_solution.json,small,0.11,observed,historical_collaborator_archive,60,runtime <= 5s -> 60s,900,True
holdout,wu2018,large_instance_3.json,large_solution_3.json,large,3600.22,observed,historical_collaborator_archive,900,runtime > 300s -> 900s,900,True
holdout,wu2018,tiny_instance.json,tiny_solution.json,small,0.19,observed,historical_collaborator_archive,60,runtime <= 5s -> 60s,900,True
holdout,zetina2020,large_instance_2.json,large_solution_2.json,large,3601.15,observed,historical_collaborator_archive,900,runtime > 300s -> 900s,900,True
holdout,zetina2020,tiny_instance.json,tiny_solution.json,small,0.12,observed,historical_collaborator_archive,60,runtime <= 5s -> 60s,900,True
test,araujo2020,large_instance_1.json,large_solution_1.json,large,54.31,observed,historical_collaborator_archive,300,runtime <= 120s -> 300s,900,True
test,araujo2020,tiny_instance.json,tiny_solution.json,small,0.61,observed,historical_collaborator_archive,60,runtime <= 5s -> 60s,900,True
test,bard2002,large_instance_1.json,large_solution_1.json,large,3600.591076553799,observed,current_rerun_20260831,900,runtime > 300s -> 900s,900,True
test,bard2002,tiny_instance.json,tiny_solution.json,small,0.17819811031222343,observed,current_rerun_20260831,60,runtime <= 5s -> 60s,900,True
test,belvaux2000,large_instance_2.json,large_solution_2.json,large,3600.23,observed,historical_collaborator_archive,900,runtime > 300s -> 900s,900,True
test,belvaux2000,tiny_instance.json,tiny_solution.json,small,0.57,observed,historical_collaborator_archive,60,runtime <= 5s -> 60s,900,True
test,bertsimas2022,large_instance_4.json,large_solution_4.json,large,3606.96,observed,historical_collaborator_archive,900,runtime > 300s -> 900s,900,True
test,bertsimas2022,tiny_instance.json,tiny_solution.json,small,0.25,observed,historical_collaborator_archive,60,runtime <= 5s -> 60s,900,True
test,bertsimas2024,large_instance_4.json,large_solution_4.json,large,3028.6974435467273,observed,current_rerun_20260831,900,runtime > 300s -> 900s,900,True
test,bertsimas2024,tiny_instance.json,tiny_solution.json,small,4.254862774163485,observed,current_rerun_20260831,60,runtime <= 5s -> 60s,900,True
test,boland2019,large_instance_1.json,large_solution_1.json,large,3600.23,observed,historical_collaborator_archive,900,runtime > 300s -> 900s,900,True
test,boland2019,tiny_instance.json,tiny_solution.json,small,2.9,observed,historical_collaborator_archive,60,runtime <= 5s -> 60s,900,True
test,buchheim2018,large_instance_3.json,large_solution_3.json,large,3600.56,observed,historical_collaborator_archive,900,runtime > 300s -> 900s,900,True
test,buchheim2018,tiny_instance.json,tiny_solution.json,small,4.5,observed,historical_collaborator_archive,60,runtime <= 5s -> 60s,900,True
test,caprara1999,large_instance_1.json,large_solution_1.json,large,16.28,observed,historical_collaborator_archive,120,runtime <= 30s -> 120s,900,True
test,caprara1999,tiny_instance.json,tiny_solution.json,small,0.2,observed,historical_collaborator_archive,60,runtime <= 5s -> 60s,900,True
test,chebil2019,large_instance_3.json,large_solution_3.json,large,179.24,observed,historical_collaborator_archive,600,runtime <= 300s -> 600s,900,True
test,chebil2019,tiny_instance.json,tiny_solution.json,small,0.14,observed,historical_collaborator_archive,60,runtime <= 5s -> 60s,900,True
test,colombi2017,large_instance_3.json,large_solution_3.json,large,3600.27,observed,historical_collaborator_archive,900,runtime > 300s -> 900s,900,True
test,colombi2017,tiny_instance.json,tiny_solution.json,small,0.13,observed,historical_collaborator_archive,60,runtime <= 5s -> 60s,900,True
test,delage2022,large_instance_1.json,large_solution_1.json,large,3600.37,observed,historical_collaborator_archive,900,runtime > 300s -> 900s,900,True
test,delage2022,tiny_instance.json,tiny_solution.json,small,22.77,observed,historical_collaborator_archive,120,runtime <= 30s -> 120s,900,True
test,engineer2012,large_instance_1.json,large_solution_1.json,large,1632.81,observed,historical_collaborator_archive,900,runtime > 300s -> 900s,900,True
test,engineer2012,tiny_instance.json,tiny_solution.json,small,12.41,observed,historical_collaborator_archive,120,runtime <= 30s -> 120s,900,True
test,fischetti1997,large_instance_1.json,large_solution_1.json,large,3602.97,observed,historical_collaborator_archive,900,runtime > 300s -> 900s,900,True
test,fischetti1997,tiny_instance.json,tiny_solution.json,small,0.26,observed,historical_collaborator_archive,60,runtime <= 5s -> 60s,900,True
test,gangammanavar2020,large_instance_5.json,large_solution_5.json,large,118.24,observed,historical_collaborator_archive,300,runtime <= 120s -> 300s,900,True
test,gangammanavar2020,tiny_instance.json,tiny_solution.json,small,0.3,observed,historical_collaborator_archive,60,runtime <= 5s -> 60s,900,True
test,gschwind2021,large_instance_1.json,large_solution_1.json,large,3622.7386569269,observed,current_rerun_20260831,900,runtime > 300s -> 900s,900,True
test,gschwind2021,tiny_instance.json,tiny_solution.json,small,0.11490924376994371,observed,current_rerun_20260831,60,runtime <= 5s -> 60s,900,True
test,he2020,large_instance_3.json,large_solution_3.json,large,3624.26,observed,historical_collaborator_archive,900,runtime > 300s -> 900s,900,True
test,he2020,tiny_instance.json,tiny_solution.json,small,4.25,observed,historical_collaborator_archive,60,runtime <= 5s -> 60s,900,True
test,ji2019,large_instance_1.json,large_solution_1.json,large,3600.85,observed,historical_collaborator_archive,900,runtime > 300s -> 900s,900,True
test,ji2019,tiny_instance.json,tiny_solution.json,small,0.6,observed,historical_collaborator_archive,60,runtime <= 5s -> 60s,900,True
test,klose2005,large_instance_1.json,large_solution_1.json,large,3614.82,observed,historical_collaborator_archive,900,runtime > 300s -> 900s,900,True
test,klose2005,tiny_instance.json,tiny_solution.json,small,2.02,observed,historical_collaborator_archive,60,runtime <= 5s -> 60s,900,True
test,kowalczyk2024,large_instance_4.json,large_solution_4.json,large,235.66,observed,historical_collaborator_archive,600,runtime <= 300s -> 600s,900,True
test,kowalczyk2024,tiny_instance.json,tiny_solution.json,small,24.14,observed,historical_collaborator_archive,120,runtime <= 30s -> 120s,900,True
test,legrain2020,large_instance_1.json,large_solution_1.json,large,3602.37,observed,historical_collaborator_archive,900,runtime > 300s -> 900s,900,True
test,legrain2020,tiny_instance.json,tiny_solution.json,small,3.84,observed,historical_collaborator_archive,60,runtime <= 5s -> 60s,900,True
test,lozano2017,large_instance_2.json,large_solution_2.json,large,546.2803139062598,observed,current_rerun_20260831,900,runtime > 300s -> 900s,900,True
test,lozano2017,tiny_instance.json,tiny_solution.json,small,0.21614709962159395,observed,current_rerun_20260831,60,runtime <= 5s -> 60s,900,True
test,martello1999,large_instance_1.json,large_solution_1.json,large,233.24,observed,historical_collaborator_archive,600,runtime <= 300s -> 600s,900,True
test,martello1999,tiny_instance.json,tiny_solution.json,small,0.14,observed,historical_collaborator_archive,60,runtime <= 5s -> 60s,900,True
test,morrison2016,large_instance_2.json,large_solution_2.json,large,97.21,observed,historical_collaborator_archive,300,runtime <= 120s -> 300s,900,True
test,morrison2016,tiny_instance.json,tiny_solution.json,small,0.09,observed,historical_collaborator_archive,60,runtime <= 5s -> 60s,900,True
test,muter2010,large_instance_2.json,large_solution_2.json,large,1523.6928333165124,observed,current_rerun_20260831,900,runtime > 300s -> 900s,900,True
test,muter2010,tiny_instance.json,tiny_solution.json,small,8.557744901627302,observed,current_rerun_20260831,120,runtime <= 30s -> 120s,900,True
test,potthoff2010,large_instance_5.json,large_solution_5.json,large,0.16989686340093613,observed,current_rerun_20260831,60,runtime <= 5s -> 60s,900,True
test,potthoff2010,tiny_instance.json,tiny_solution.json,small,0.12171446159482002,observed,current_rerun_20260831,60,runtime <= 5s -> 60s,900,True
test,rahmaniani2018,large_instance_3.json,large_solution_3.json,large,232.11549211107194,observed,current_rerun_20260831,600,runtime <= 300s -> 600s,900,True
test,rahmaniani2018,tiny_instance.json,tiny_solution.json,small,100.9549294617027,observed,current_rerun_20260831,300,runtime <= 120s -> 300s,900,True
test,reinhardt2016,large_instance_2.json,large_solution_2.json,large,3601.71,observed,historical_collaborator_archive,900,runtime > 300s -> 900s,900,True
test,reinhardt2016,tiny_instance.json,tiny_solution.json,small,18.8,observed,historical_collaborator_archive,120,runtime <= 30s -> 120s,900,True
test,segundo2019,large_instance_1.json,large_solution_1.json,large,3628.93,observed,historical_collaborator_archive,900,runtime > 300s -> 900s,900,True
test,segundo2019,tiny_instance.json,tiny_solution.json,small,32.69,observed,historical_collaborator_archive,300,runtime <= 120s -> 300s,900,True
test,wangk2020,large_instance_1.json,large_solution_1.json,large,238.96,observed,historical_collaborator_archive,600,runtime <= 300s -> 600s,900,True
test,wangk2020,tiny_instance.json,tiny_solution.json,small,2.37,observed,historical_collaborator_archive,60,runtime <= 5s -> 60s,900,True
test,zohali2022,large_instance_2.json,large_solution_2.json,large,30.215197525918484,observed,current_rerun_20260831,300,runtime <= 120s -> 300s,900,True
test,zohali2022,tiny_instance.json,tiny_solution.json,small,0.5188968786969781,observed,current_rerun_20260831,60,runtime <= 5s -> 60s,900,True
train,adulyasak2015,large_instance_4.json,large_solution_4.json,large,3614.41,observed,historical_collaborator_archive,900,runtime > 300s -> 900s,,True
train,adulyasak2015,tiny_instance.json,tiny_solution.json,small,0.9,observed,historical_collaborator_archive,60,runtime <= 5s -> 60s,,True
train,alba2013,large_instance_5.json,large_solution_5.json,large,499.9,observed,historical_collaborator_archive,900,runtime > 300s -> 900s,,True
train,alba2013,tiny_instance.json,tiny_solution.json,small,0.34,observed,historical_collaborator_archive,60,runtime <= 5s -> 60s,,True
train,alfieri2020,large_instance_3.json,large_solution_3.json,large,3609.59,observed,historical_collaborator_archive,900,runtime > 300s -> 900s,,True
train,alfieri2020,tiny_instance.json,tiny_solution.json,small,0.17,observed,historical_collaborator_archive,60,runtime <= 5s -> 60s,,True
train,amaldi2013,large_instance_4.json,large_solution_4.json,large,3601.32,observed,historical_collaborator_archive,900,runtime > 300s -> 900s,,True
train,amaldi2013,tiny_instance.json,tiny_solution.json,small,6.87,observed,historical_collaborator_archive,120,runtime <= 30s -> 120s,,True
train,araujo2015,large_instance_2.json,large_solution_2.json,large,3600.82,observed,historical_collaborator_archive,900,runtime > 300s -> 900s,,True
train,araujo2015,tiny_instance.json,tiny_solution.json,small,0.5,observed,historical_collaborator_archive,60,runtime <= 5s -> 60s,,True
train,archetti2007,large_instance_2.json,large_solution_2.json,large,2996.36,observed,historical_collaborator_archive,900,runtime > 300s -> 900s,,True
train,archetti2007,tiny_instance.json,tiny_solution.json,small,0.54,observed,historical_collaborator_archive,60,runtime <= 5s -> 60s,,True
train,armbruster2012,large_instance_3.json,large_solution_3.json,large,3615.76,observed,historical_collaborator_archive,900,runtime > 300s -> 900s,,True
train,armbruster2012,tiny_instance.json,tiny_solution.json,small,19.29,observed,historical_collaborator_archive,120,runtime <= 30s -> 120s,,True
train,arslan2021,large_instance_3.json,large_solution_3.json,large,27.483967878855765,observed,current_rerun_20260831,120,runtime <= 30s -> 120s,,True
train,arslan2021,tiny_instance.json,tiny_solution.json,small,0.17558692675083876,observed,current_rerun_20260831,60,runtime <= 5s -> 60s,,True
train,barnhart2000,large_instance_5.json,large_solution_5.json,large,543.18,observed,historical_collaborator_archive,900,runtime > 300s -> 900s,,True
train,barnhart2000,tiny_instance.json,tiny_solution.json,small,0.09,observed,historical_collaborator_archive,60,runtime <= 5s -> 60s,,True
train,bayani2024,large_instance_4.json,large_solution_4.json,large,3601.49,observed,historical_collaborator_archive,900,runtime > 300s -> 900s,,True
train,bayani2024,tiny_instance.json,tiny_solution.json,small,0.6,observed,historical_collaborator_archive,60,runtime <= 5s -> 60s,,True
train,belhoul2014,large_instance_3.json,large_solution_3.json,large,49.42,observed,historical_collaborator_archive,300,runtime <= 120s -> 300s,,True
train,belhoul2014,tiny_instance.json,tiny_solution.json,small,0.12,observed,historical_collaborator_archive,60,runtime <= 5s -> 60s,,True
train,bentert2022,large_instance_5.json,large_solution_5.json,large,3574.69,observed,historical_collaborator_archive,900,runtime > 300s -> 900s,,True
train,bentert2022,tiny_instance.json,tiny_solution.json,small,90.25,observed,historical_collaborator_archive,300,runtime <= 120s -> 300s,,True
train,bergman2019,large_instance_3.json,large_solution_3.json,large,3600.17,observed,historical_collaborator_archive,900,runtime > 300s -> 900s,,True
train,bergman2019,tiny_instance.json,tiny_solution.json,small,0.27,observed,historical_collaborator_archive,60,runtime <= 5s -> 60s,,True
train,bettinelli2017,large_instance_4.json,large_solution_4.json,large,3610.9,observed,historical_collaborator_archive,900,runtime > 300s -> 900s,,True
train,bettinelli2017,tiny_instance.json,tiny_solution.json,small,0.19,observed,historical_collaborator_archive,60,runtime <= 5s -> 60s,,True
train,bierwirth2017,large_instance_1.json,large_solution_1.json,large,3600.35,observed,historical_collaborator_archive,900,runtime > 300s -> 900s,,True
train,bierwirth2017,tiny_instance.json,tiny_solution.json,small,3.75,observed,historical_collaborator_archive,60,runtime <= 5s -> 60s,,True
train,bode2012,large_instance_3.json,large_solution_3.json,large,1.86,observed,historical_collaborator_archive,60,runtime <= 5s -> 60s,,True
train,bode2012,tiny_instance.json,tiny_solution.json,small,2.19,observed,historical_collaborator_archive,60,runtime <= 5s -> 60s,,True
train,bodur2017,large_instance_4.json,large_solution_4.json,large,205.16,observed,historical_collaborator_archive,600,runtime <= 300s -> 600s,,True
train,bodur2017,tiny_instance.json,tiny_solution.json,small,9.46,observed,historical_collaborator_archive,120,runtime <= 30s -> 120s,,True
train,bollapragada2001,large_instance_5.json,large_solution_5.json,large,3600.28,observed,historical_collaborator_archive,900,runtime > 300s -> 900s,,True
train,bollapragada2001,tiny_instance.json,tiny_solution.json,small,0.29,observed,historical_collaborator_archive,60,runtime <= 5s -> 60s,,True
train,borndorfer2007,large_instance_3.json,large_solution_3.json,large,3602.66,observed,historical_collaborator_archive,900,runtime > 300s -> 900s,,True
train,borndorfer2007,tiny_instance.json,tiny_solution.json,small,17.36,observed,historical_collaborator_archive,120,runtime <= 30s -> 120s,,True
train,brandao2016,large_instance_2.json,large_solution_2.json,large,161.55,observed,historical_collaborator_archive,600,runtime <= 300s -> 600s,,True
train,brandao2016,tiny_instance.json,tiny_solution.json,small,0.24,observed,historical_collaborator_archive,60,runtime <= 5s -> 60s,,True
train,bront2009,large_instance_3.json,large_solution_3.json,large,147.8,observed,historical_collaborator_archive,600,runtime <= 300s -> 600s,,True
train,bront2009,tiny_instance.json,tiny_solution.json,small,0.2,observed,historical_collaborator_archive,60,runtime <= 5s -> 60s,,True
train,byeon2022,large_instance_2.json,large_solution_2.json,large,164.04107390902936,observed,current_rerun_20260831,600,runtime <= 300s -> 600s,,True
train,byeon2022,tiny_instance.json,tiny_solution.json,small,0.2712572729215026,observed,current_rerun_20260831,60,runtime <= 5s -> 60s,,True
train,carosi2019,large_instance_3.json,large_solution_3.json,large,3606.05,observed,historical_collaborator_archive,900,runtime > 300s -> 900s,,True
train,carosi2019,tiny_instance.json,tiny_solution.json,small,1.11,observed,historical_collaborator_archive,60,runtime <= 5s -> 60s,,True
train,carvalho1999,large_instance_1.json,large_solution_1.json,large,18.62,observed,historical_collaborator_archive,120,runtime <= 30s -> 120s,,True
train,carvalho1999,tiny_instance.json,tiny_solution.json,small,0.44,observed,historical_collaborator_archive,60,runtime <= 5s -> 60s,,True
train,carvalho2022,large_instance_3.json,large_solution_3.json,large,3600.6,observed,historical_collaborator_archive,900,runtime > 300s -> 900s,,True
train,carvalho2022,tiny_instance.json,tiny_solution.json,small,69.37,observed,historical_collaborator_archive,300,runtime <= 120s -> 300s,,True
train,castro2021,large_instance_1.json,large_solution_1.json,large,1643.35,observed,historical_collaborator_archive,900,runtime > 300s -> 900s,,True
train,castro2021,tiny_instance.json,tiny_solution.json,small,0.14,observed,historical_collaborator_archive,60,runtime <= 5s -> 60s,,True
train,chebil2015,large_instance_4.json,large_solution_4.json,large,2.59,observed,historical_collaborator_archive,60,runtime <= 5s -> 60s,,True
train,chebil2015,tiny_instance.json,tiny_solution.json,small,0.14,observed,historical_collaborator_archive,60,runtime <= 5s -> 60s,,True
train,chen1999,large_instance_3.json,large_solution_3.json,large,3601.87,observed,historical_collaborator_archive,900,runtime > 300s -> 900s,,True
train,chen1999,tiny_instance.json,tiny_solution.json,small,16.46,observed,historical_collaborator_archive,120,runtime <= 30s -> 120s,,True
train,cherkesly2015,large_instance_4.json,large_solution_4.json,large,259.20907141733915,observed,current_rerun_20260831,600,runtime <= 300s -> 600s,,True
train,cherkesly2015,tiny_instance.json,tiny_solution.json,small,11.843637948855758,observed,current_rerun_20260831,120,runtime <= 30s -> 120s,,True
train,contreras2011,large_instance_4.json,large_solution_4.json,large,580.75,observed,historical_collaborator_archive,900,runtime > 300s -> 900s,,True
train,contreras2011,tiny_instance.json,tiny_solution.json,small,0.22,observed,historical_collaborator_archive,60,runtime <= 5s -> 60s,,True
train,cordeau2006,large_instance_2.json,large_solution_2.json,large,3600.74,observed,historical_collaborator_archive,900,runtime > 300s -> 900s,,True
train,cordeau2006,tiny_instance.json,tiny_solution.json,small,2.14,observed,historical_collaborator_archive,60,runtime <= 5s -> 60s,,True
train,cordeau2019,large_instance_1.json,large_solution_1.json,large,268.04,observed,historical_collaborator_archive,600,runtime <= 300s -> 600s,,True
train,cordeau2019,tiny_instance.json,tiny_solution.json,small,2.21,observed,historical_collaborator_archive,60,runtime <= 5s -> 60s,,True
train,cote2018,large_instance_5.json,large_solution_5.json,large,24.68,observed,historical_collaborator_archive,120,runtime <= 30s -> 120s,,True
train,cote2018,tiny_instance.json,tiny_solution.json,small,0.12,observed,historical_collaborator_archive,60,runtime <= 5s -> 60s,,True
train,cote2019,large_instance_5.json,large_solution_5.json,large,185.19,observed,historical_collaborator_archive,600,runtime <= 300s -> 600s,,True
train,cote2019,tiny_instance.json,tiny_solution.json,small,91.82,observed,historical_collaborator_archive,300,runtime <= 120s -> 300s,,True
train,cunha2021,large_instance_3.json,large_solution_3.json,large,3600.48,observed,historical_collaborator_archive,900,runtime > 300s -> 900s,,True
train,cunha2021,tiny_instance.json,tiny_solution.json,small,11.69,observed,historical_collaborator_archive,120,runtime <= 30s -> 120s,,True
train,degraeve2007,large_instance_3.json,large_solution_3.json,large,76.42,observed,historical_collaborator_archive,300,runtime <= 120s -> 300s,,True
train,degraeve2007,tiny_instance.json,tiny_solution.json,small,0.17,observed,historical_collaborator_archive,60,runtime <= 5s -> 60s,,True
train,desaulniers2010,large_instance_2.json,large_solution_2.json,large,3608.49,observed,historical_collaborator_archive,900,runtime > 300s -> 900s,,True
train,desaulniers2010,tiny_instance.json,tiny_solution.json,small,3.15,observed,historical_collaborator_archive,60,runtime <= 5s -> 60s,,True
train,desaulniers2014,large_instance_5.json,large_solution_5.json,large,3600.3,observed,historical_collaborator_archive,900,runtime > 300s -> 900s,,True
train,desaulniers2014,tiny_instance.json,tiny_solution.json,small,0.29,observed,historical_collaborator_archive,60,runtime <= 5s -> 60s,,True
train,desaulniers2016,large_instance_3.json,large_solution_3.json,large,3600.87,observed,historical_collaborator_archive,900,runtime > 300s -> 900s,,True
train,desaulniers2016,tiny_instance.json,tiny_solution.json,small,0.48,observed,historical_collaborator_archive,60,runtime <= 5s -> 60s,,True
train,dienstknecht2024,large_instance_4.json,large_solution_4.json,large,3.65,observed,historical_collaborator_archive,60,runtime <= 5s -> 60s,,True
train,dienstknecht2024,tiny_instance.json,tiny_solution.json,small,0.41,observed,historical_collaborator_archive,60,runtime <= 5s -> 60s,,True
train,earl2005,large_instance_3.json,large_solution_3.json,large,151.6,observed,historical_collaborator_archive,600,runtime <= 300s -> 600s,,True
train,earl2005,tiny_instance.json,tiny_solution.json,small,0.15,observed,historical_collaborator_archive,60,runtime <= 5s -> 60s,,True
train,elci2022,large_instance_2.json,large_solution_2.json,large,2000.18,observed,historical_collaborator_archive,900,runtime > 300s -> 900s,,True
train,elci2022,tiny_instance.json,tiny_solution.json,small,0.46,observed,historical_collaborator_archive,60,runtime <= 5s -> 60s,,True
train,fischetti1998,large_instance_2.json,large_solution_2.json,large,125.23,observed,historical_collaborator_archive,600,runtime <= 300s -> 600s,,True
train,fischetti1998,tiny_instance.json,tiny_solution.json,small,0.21,observed,historical_collaborator_archive,60,runtime <= 5s -> 60s,,True
train,fischetti2017,large_instance_5.json,large_solution_5.json,large,3600.78,observed,historical_collaborator_archive,900,runtime > 300s -> 900s,,True
train,fischetti2017,tiny_instance.json,tiny_solution.json,small,0.41,observed,historical_collaborator_archive,60,runtime <= 5s -> 60s,,True
train,fleszar2022b,large_instance_2.json,large_solution_2.json,large,3600.27,observed,historical_collaborator_archive,900,runtime > 300s -> 900s,,True
train,fleszar2022b,tiny_instance.json,tiny_solution.json,small,0.22,observed,historical_collaborator_archive,60,runtime <= 5s -> 60s,,True
train,forrest2006,large_instance_5.json,large_solution_5.json,large,274.55,observed,historical_collaborator_archive,600,runtime <= 300s -> 600s,,True
train,forrest2006,tiny_instance.json,tiny_solution.json,small,0.17,observed,historical_collaborator_archive,60,runtime <= 5s -> 60s,,True
train,fragkos2021,large_instance_3.json,large_solution_3.json,large,3600.0,observed,historical_collaborator_archive,900,runtime > 300s -> 900s,,True
train,fragkos2021,tiny_instance.json,tiny_solution.json,small,0.11,observed,historical_collaborator_archive,60,runtime <= 5s -> 60s,,True
train,freeman2018,large_instance_2.json,large_solution_2.json,large,102.68,observed,historical_collaborator_archive,300,runtime <= 120s -> 300s,,True
train,freeman2018,tiny_instance.json,tiny_solution.json,small,0.9,observed,historical_collaborator_archive,60,runtime <= 5s -> 60s,,True
train,freling2003,large_instance_1.json,large_solution_1.json,large,117.59,observed,historical_collaborator_archive,300,runtime <= 120s -> 300s,,True
train,freling2003,tiny_instance.json,tiny_solution.json,small,0.11,observed,historical_collaborator_archive,60,runtime <= 5s -> 60s,,True
train,frey2017,large_instance_4.json,large_solution_4.json,large,175.01,observed,historical_collaborator_archive,600,runtime <= 300s -> 600s,,True
train,frey2017,tiny_instance.json,tiny_solution.json,small,0.25,observed,historical_collaborator_archive,60,runtime <= 5s -> 60s,,True
train,furini2016,large_instance_1.json,large_solution_1.json,large,3622.53,observed,historical_collaborator_archive,900,runtime > 300s -> 900s,,True
train,furini2016,tiny_instance.json,tiny_solution.json,small,6.11,observed,historical_collaborator_archive,120,runtime <= 30s -> 120s,,True
train,furini2017,large_instance_3.json,large_solution_3.json,large,73.66,observed,historical_collaborator_archive,300,runtime <= 120s -> 300s,,True
train,furini2017,tiny_instance.json,tiny_solution.json,small,1.46,observed,historical_collaborator_archive,60,runtime <= 5s -> 60s,,True
train,furini2019,large_instance_2.json,large_solution_2.json,large,3603.47,observed,historical_collaborator_archive,900,runtime > 300s -> 900s,,True
train,furini2019,tiny_instance.json,tiny_solution.json,small,0.12,observed,historical_collaborator_archive,60,runtime <= 5s -> 60s,,True
train,furini2021,large_instance_1.json,large_solution_1.json,large,3600.18,observed,historical_collaborator_archive,900,runtime > 300s -> 900s,,True
train,furini2021,tiny_instance.json,tiny_solution.json,small,0.1,observed,historical_collaborator_archive,60,runtime <= 5s -> 60s,,True
train,gamache1999,large_instance_1.json,large_solution_1.json,large,105.24,observed,historical_collaborator_archive,300,runtime <= 120s -> 300s,,True
train,gamache1999,tiny_instance.json,tiny_solution.json,small,23.69,observed,historical_collaborator_archive,120,runtime <= 30s -> 120s,,True
train,garcia2011,large_instance_5.json,large_solution_5.json,large,79.04,observed,historical_collaborator_archive,300,runtime <= 120s -> 300s,,True
train,garcia2011,tiny_instance.json,tiny_solution.json,small,4.21,observed,historical_collaborator_archive,60,runtime <= 5s -> 60s,,True
train,gruson2021,large_instance_1.json,large_solution_1.json,large,803.57,observed,historical_collaborator_archive,900,runtime > 300s -> 900s,,True
train,gruson2021,tiny_instance.json,tiny_solution.json,small,13.8,observed,historical_collaborator_archive,120,runtime <= 30s -> 120s,,True
train,gualandi2012,large_instance_5.json,large_solution_5.json,large,3604.67,observed,historical_collaborator_archive,900,runtime > 300s -> 900s,,True
train,gualandi2012,tiny_instance.json,tiny_solution.json,small,0.13,observed,historical_collaborator_archive,60,runtime <= 5s -> 60s,,True
train,guo2021,large_instance_3.json,large_solution_3.json,large,3607.83,observed,historical_collaborator_archive,900,runtime > 300s -> 900s,,True
train,guo2021,tiny_instance.json,tiny_solution.json,small,0.65,observed,historical_collaborator_archive,60,runtime <= 5s -> 60s,,True
train,hadjar2006,large_instance_1.json,large_solution_1.json,large,186.43671914376318,observed,current_rerun_20260831,600,runtime <= 300s -> 600s,,True
train,hadjar2006,tiny_instance.json,tiny_solution.json,small,0.41540332045406103,observed,current_rerun_20260831,60,runtime <= 5s -> 60s,,True
train,hassannayebi2016,large_instance_3.json,large_solution_3.json,large,3601.0,observed,historical_collaborator_archive,900,runtime > 300s -> 900s,,True
train,hassannayebi2016,tiny_instance.json,tiny_solution.json,small,0.56,observed,historical_collaborator_archive,60,runtime <= 5s -> 60s,,True
train,hewitt2024,large_instance_2.json,large_solution_2.json,large,3608.19,observed,historical_collaborator_archive,900,runtime > 300s -> 900s,,True
train,hewitt2024,tiny_instance.json,tiny_solution.json,small,0.26,observed,historical_collaborator_archive,60,runtime <= 5s -> 60s,,True
train,hoffman1993,large_instance_4.json,large_solution_4.json,large,3600.59,observed,historical_collaborator_archive,900,runtime > 300s -> 900s,,True
train,hoffman1993,tiny_instance.json,tiny_solution.json,small,0.08,observed,historical_collaborator_archive,60,runtime <= 5s -> 60s,,True
train,huisman2005,large_instance_2.json,large_solution_2.json,large,100.9,observed,historical_collaborator_archive,300,runtime <= 120s -> 300s,,True
train,huisman2005,tiny_instance.json,tiny_solution.json,small,47.12,observed,historical_collaborator_archive,300,runtime <= 120s -> 300s,,True
train,juvin2023,large_instance_3.json,large_solution_3.json,large,68.35,observed,historical_collaborator_archive,300,runtime <= 120s -> 300s,,True
train,juvin2023,tiny_instance.json,tiny_solution.json,small,0.11,observed,historical_collaborator_archive,60,runtime <= 5s -> 60s,,True
train,knueven2020,large_instance_4.json,large_solution_4.json,large,1229.34,observed,historical_collaborator_archive,900,runtime > 300s -> 900s,,True
train,knueven2020,tiny_instance.json,tiny_solution.json,small,43.69,observed,historical_collaborator_archive,300,runtime <= 120s -> 300s,,True
train,kobayashi2021,large_instance_2.json,large_solution_2.json,large,99.46,observed,historical_collaborator_archive,300,runtime <= 120s -> 300s,,True
train,kobayashi2021,tiny_instance.json,tiny_solution.json,small,0.36,observed,historical_collaborator_archive,60,runtime <= 5s -> 60s,,True
train,kobeaga2024,large_instance_4.json,large_solution_4.json,large,3603.45,observed,historical_collaborator_archive,900,runtime > 300s -> 900s,,True
train,kobeaga2024,tiny_instance.json,tiny_solution.json,small,0.28,observed,historical_collaborator_archive,60,runtime <= 5s -> 60s,,True
train,kowalczyk2018,large_instance_1.json,large_solution_1.json,large,8.79,observed,historical_collaborator_archive,120,runtime <= 30s -> 120s,,True
train,kowalczyk2018,tiny_instance.json,tiny_solution.json,small,7.08,observed,historical_collaborator_archive,120,runtime <= 30s -> 120s,,True
train,kress2019,large_instance_2.json,large_solution_2.json,large,3610.234077123925,observed,current_rerun_20260831,900,runtime > 300s -> 900s,,True
train,kress2019,tiny_instance.json,tiny_solution.json,small,113.15415413305163,observed,current_rerun_20260831,300,runtime <= 120s -> 300s,,True
train,kreter2018,large_instance_2.json,large_solution_2.json,large,3613.14,observed,historical_collaborator_archive,900,runtime > 300s -> 900s,,True
train,kreter2018,tiny_instance.json,tiny_solution.json,small,0.11,observed,historical_collaborator_archive,60,runtime <= 5s -> 60s,,True
train,lai2021,large_instance_4.json,large_solution_4.json,large,3616.42,observed,historical_collaborator_archive,900,runtime > 300s -> 900s,,True
train,lai2021,tiny_instance.json,tiny_solution.json,small,1.69,observed,historical_collaborator_archive,60,runtime <= 5s -> 60s,,True
train,lee1996,large_instance_1.json,large_solution_1.json,large,10.43,observed,historical_collaborator_archive,120,runtime <= 30s -> 120s,,True
train,lee1996,tiny_instance.json,tiny_solution.json,small,0.35,observed,historical_collaborator_archive,60,runtime <= 5s -> 60s,,True
train,letelier2022,large_instance_3.json,large_solution_3.json,large,3602.85,observed,historical_collaborator_archive,900,runtime > 300s -> 900s,,True
train,letelier2022,tiny_instance.json,tiny_solution.json,small,0.14,observed,historical_collaborator_archive,60,runtime <= 5s -> 60s,,True
train,levin2017,large_instance_3.json,large_solution_3.json,large,141.69,observed,historical_collaborator_archive,600,runtime <= 300s -> 600s,,True
train,levin2017,tiny_instance.json,tiny_solution.json,small,0.25,observed,historical_collaborator_archive,60,runtime <= 5s -> 60s,,True
train,li2020,large_instance_1.json,large_solution_1.json,large,3600.29,observed,historical_collaborator_archive,900,runtime > 300s -> 900s,,True
train,li2020,tiny_instance.json,tiny_solution.json,small,0.51,observed,historical_collaborator_archive,60,runtime <= 5s -> 60s,,True
train,liao2020,large_instance_3.json,large_solution_3.json,large,1956.286275235936,observed,current_rerun_20260831,900,runtime > 300s -> 900s,,True
train,liao2020,tiny_instance.json,tiny_solution.json,small,0.16487140953540802,observed,current_rerun_20260831,60,runtime <= 5s -> 60s,,True
train,luo2017,large_instance_5.json,large_solution_5.json,large,3601.0,observed,historical_collaborator_archive,900,runtime > 300s -> 900s,,True
train,luo2017,tiny_instance.json,tiny_solution.json,small,12.6,observed,historical_collaborator_archive,120,runtime <= 30s -> 120s,,True
train,mansini2020,large_instance_3.json,large_solution_3.json,large,130.21,observed,historical_collaborator_archive,600,runtime <= 300s -> 600s,,True
train,mansini2020,tiny_instance.json,tiny_solution.json,small,0.14,observed,historical_collaborator_archive,60,runtime <= 5s -> 60s,,True
train,martin-iradi2024,large_instance_3.json,large_solution_3.json,large,3601.1,observed,historical_collaborator_archive,900,runtime > 300s -> 900s,,True
train,martin-iradi2024,tiny_instance.json,tiny_solution.json,small,0.09,observed,historical_collaborator_archive,60,runtime <= 5s -> 60s,,True
train,mehrotra1996,large_instance_5.json,large_solution_5.json,large,3633.996225995943,observed,current_rerun_20260831,900,runtime > 300s -> 900s,,True
train,mehrotra1996,tiny_instance.json,tiny_solution.json,small,0.1733037382364273,observed,current_rerun_20260831,60,runtime <= 5s -> 60s,,True
train,mingozzi1999,large_instance_2.json,large_solution_2.json,large,187.29,observed,historical_collaborator_archive,600,runtime <= 300s -> 600s,,True
train,mingozzi1999,tiny_instance.json,tiny_solution.json,small,3.17,observed,historical_collaborator_archive,60,runtime <= 5s -> 60s,,True
train,nagy2015,large_instance_2.json,large_solution_2.json,large,3604.89,observed,historical_collaborator_archive,900,runtime > 300s -> 900s,,True
train,nagy2015,tiny_instance.json,tiny_solution.json,small,0.23,observed,historical_collaborator_archive,60,runtime <= 5s -> 60s,,True
train,oliveira2020,large_instance_4.json,large_solution_4.json,large,0.22707281820476055,observed,current_rerun_20260831,60,runtime <= 5s -> 60s,,True
train,oliveira2020,tiny_instance.json,tiny_solution.json,small,3600.3802054468542,observed,current_rerun_20260831,900,runtime > 300s -> 900s,,True
train,ostrowski2012,large_instance_51.json,large_solution_51.json,large,195.68431826401502,observed,current_rerun_20260831,600,runtime <= 300s -> 600s,,True
train,ostrowski2012,tiny_instance.json,tiny_solution.json,small,0.6831207359209657,observed,current_rerun_20260831,60,runtime <= 5s -> 60s,,True
train,ozturk2020,large_instance_3.json,large_solution_3.json,large,3600.98,observed,historical_collaborator_archive,900,runtime > 300s -> 900s,,True
train,ozturk2020,tiny_instance.json,tiny_solution.json,small,0.51,observed,historical_collaborator_archive,60,runtime <= 5s -> 60s,,True
train,pecin2017,large_instance_4.json,large_solution_4.json,large,3601.61,observed,historical_collaborator_archive,900,runtime > 300s -> 900s,,True
train,pecin2017,tiny_instance.json,tiny_solution.json,small,15.92,observed,historical_collaborator_archive,120,runtime <= 30s -> 120s,,True
train,pedersen2024,large_instance_3.json,large_solution_3.json,large,1387.68,observed,historical_collaborator_archive,900,runtime > 300s -> 900s,,True
train,pedersen2024,tiny_instance.json,tiny_solution.json,small,0.17,observed,historical_collaborator_archive,60,runtime <= 5s -> 60s,,True
train,pessoa2021,large_instance_5.json,large_solution_5.json,large,3600.65,observed,historical_collaborator_archive,900,runtime > 300s -> 900s,,True
train,pessoa2021,tiny_instance.json,tiny_solution.json,small,0.58,observed,historical_collaborator_archive,60,runtime <= 5s -> 60s,,True
train,pettersson2020,large_instance_5.json,large_solution_5.json,large,139.47,observed,historical_collaborator_archive,600,runtime <= 300s -> 600s,,True
train,pettersson2020,tiny_instance.json,tiny_solution.json,small,0.13,observed,historical_collaborator_archive,60,runtime <= 5s -> 60s,,True
train,pinnoi1997,large_instance_1.json,large_solution_1.json,large,0.48,observed,historical_collaborator_archive,60,runtime <= 5s -> 60s,,True
train,pinnoi1997,tiny_instance.json,tiny_solution.json,small,0.11,observed,historical_collaborator_archive,60,runtime <= 5s -> 60s,,True
train,rahimian2017,large_instance_5.json,large_solution_5.json,large,22.65,observed,historical_collaborator_archive,120,runtime <= 30s -> 120s,,True
train,rahimian2017,tiny_instance.json,tiny_solution.json,small,0.13,observed,historical_collaborator_archive,60,runtime <= 5s -> 60s,,True
train,rahmaniani2017,large_instance_2.json,large_solution_2.json,large,137.31863779388368,observed,current_rerun_20260831,600,runtime <= 300s -> 600s,,True
train,rahmaniani2017,tiny_instance.json,tiny_solution.json,small,0.6742432024329901,observed,current_rerun_20260831,60,runtime <= 5s -> 60s,,True
train,rahmaniani2020,large_instance_3.json,large_solution_3.json,large,327.03,observed,historical_collaborator_archive,900,runtime > 300s -> 900s,,True
train,rahmaniani2020,tiny_instance.json,tiny_solution.json,small,0.15,observed,historical_collaborator_archive,60,runtime <= 5s -> 60s,,True
train,rahmaniani2022,large_instance_5.json,large_solution_5.json,large,225.45050676353276,observed,current_rerun_20260831,600,runtime <= 300s -> 600s,,True
train,rahmaniani2022,tiny_instance.json,tiny_solution.json,small,87.18571518734097,observed,current_rerun_20260831,300,runtime <= 120s -> 300s,,True
train,reihaneh2019,large_instance_4.json,large_solution_4.json,large,3600.83,observed,historical_collaborator_archive,900,runtime > 300s -> 900s,,True
train,reihaneh2019,tiny_instance.json,tiny_solution.json,small,0.29,observed,historical_collaborator_archive,60,runtime <= 5s -> 60s,,True
train,roberti2015,large_instance_4.json,large_solution_4.json,large,3600.27,observed,historical_collaborator_archive,900,runtime > 300s -> 900s,,True
train,roberti2015,tiny_instance.json,tiny_solution.json,small,0.4,observed,historical_collaborator_archive,60,runtime <= 5s -> 60s,,True
train,roberti2018,large_instance_3.json,large_solution_3.json,large,3600.41,observed,historical_collaborator_archive,900,runtime > 300s -> 900s,,True
train,roberti2018,tiny_instance.json,tiny_solution.json,small,1.48,observed,historical_collaborator_archive,60,runtime <= 5s -> 60s,,True
train,roberti2021,large_instance_5.json,large_solution_5.json,large,128.33,observed,historical_collaborator_archive,600,runtime <= 300s -> 600s,,True
train,roberti2021,tiny_instance.json,tiny_solution.json,small,0.38,observed,historical_collaborator_archive,60,runtime <= 5s -> 60s,,True
train,ropke2009,large_instance_3.json,large_solution_3.json,large,3608.36,observed,historical_collaborator_archive,900,runtime > 300s -> 900s,,True
train,ropke2009,tiny_instance.json,tiny_solution.json,small,6.25,observed,historical_collaborator_archive,120,runtime <= 30s -> 120s,,True
train,roshanaei2017,large_instance_2.json,large_solution_2.json,large,3608.76,observed,historical_collaborator_archive,900,runtime > 300s -> 900s,,True
train,roshanaei2017,tiny_instance.json,tiny_solution.json,small,0.66,observed,historical_collaborator_archive,60,runtime <= 5s -> 60s,,True
train,rothenbacher2018,large_instance_5.json,large_solution_5.json,large,3626.55,observed,historical_collaborator_archive,900,runtime > 300s -> 900s,,True
train,rothenbacher2018,tiny_instance.json,tiny_solution.json,small,3.81,observed,historical_collaborator_archive,60,runtime <= 5s -> 60s,,True
train,rothenbacher2019,large_instance_3.json,large_solution_3.json,large,1499.28,observed,historical_collaborator_archive,900,runtime > 300s -> 900s,,True
train,rothenbacher2019,tiny_instance.json,tiny_solution.json,small,2.73,observed,historical_collaborator_archive,60,runtime <= 5s -> 60s,,True
train,ruiz2007,large_instance_4.json,large_solution_4.json,large,3600.55,observed,historical_collaborator_archive,900,runtime > 300s -> 900s,,True
train,ruiz2007,tiny_instance.json,tiny_solution.json,small,0.19,observed,historical_collaborator_archive,60,runtime <= 5s -> 60s,,True
train,salemi2022,large_instance_5.json,large_solution_5.json,large,3615.15,observed,historical_collaborator_archive,900,runtime > 300s -> 900s,,True
train,salemi2022,tiny_instance.json,tiny_solution.json,small,6.24,observed,historical_collaborator_archive,120,runtime <= 30s -> 120s,,True
train,samarghandi2017,large_instance_5.json,large_solution_5.json,large,3603.75,observed,historical_collaborator_archive,900,runtime > 300s -> 900s,,True
train,samarghandi2017,tiny_instance.json,tiny_solution.json,small,0.7,observed,historical_collaborator_archive,60,runtime <= 5s -> 60s,,True
train,sansegundo2023,large_instance_1.json,large_solution_1.json,large,3602.95,observed,historical_collaborator_archive,900,runtime > 300s -> 900s,,True
train,sansegundo2023,tiny_instance.json,tiny_solution.json,small,23.91,observed,historical_collaborator_archive,120,runtime <= 30s -> 120s,,True
train,savelsbergh1997,large_instance_4.json,large_solution_4.json,large,0.34,observed,historical_collaborator_archive,60,runtime <= 5s -> 60s,,True
train,savelsbergh1997,tiny_instance.json,tiny_solution.json,small,0.11,observed,historical_collaborator_archive,60,runtime <= 5s -> 60s,,True
train,segundo2019b,large_instance_4.json,large_solution_4.json,large,3616.78,observed,historical_collaborator_archive,900,runtime > 300s -> 900s,,True
train,segundo2019b,tiny_instance.json,tiny_solution.json,small,1.83,observed,historical_collaborator_archive,60,runtime <= 5s -> 60s,,True
train,seker2021,large_instance_1.json,large_solution_1.json,large,84.04,observed,historical_collaborator_archive,300,runtime <= 120s -> 300s,,True
train,seker2021,tiny_instance.json,tiny_solution.json,small,0.13,observed,historical_collaborator_archive,60,runtime <= 5s -> 60s,,True
train,song2021,large_instance_5.json,large_solution_5.json,large,16.75,observed,historical_collaborator_archive,120,runtime <= 30s -> 120s,,True
train,song2021,tiny_instance.json,tiny_solution.json,small,2.34,observed,historical_collaborator_archive,60,runtime <= 5s -> 60s,,True
train,spliet2015,large_instance_3.json,large_solution_3.json,large,3601.01,observed,historical_collaborator_archive,900,runtime > 300s -> 900s,,True
train,spliet2015,tiny_instance.json,tiny_solution.json,small,2.42,observed,historical_collaborator_archive,60,runtime <= 5s -> 60s,,True
train,taninmis2022,large_instance_1.json,large_solution_1.json,large,2976.200261361897,observed,current_rerun_20260831,900,runtime > 300s -> 900s,,True
train,taninmis2022,tiny_instance.json,tiny_solution.json,small,35.45761927496642,observed,current_rerun_20260831,300,runtime <= 120s -> 300s,,True
train,tran2018,large_instance_4.json,large_solution_4.json,large,75.82,observed,historical_collaborator_archive,300,runtime <= 120s -> 300s,,True
train,tran2018,tiny_instance.json,tiny_solution.json,small,0.1,observed,historical_collaborator_archive,60,runtime <= 5s -> 60s,,True
train,vidal2011,large_instance_2.json,large_solution_2.json,large,3601.31,observed,historical_collaborator_archive,900,runtime > 300s -> 900s,,True
train,vidal2011,tiny_instance.json,tiny_solution.json,small,2.78,observed,historical_collaborator_archive,60,runtime <= 5s -> 60s,,True
train,walteros2020,large_instance_1.json,large_solution_1.json,large,37.58,observed,historical_collaborator_archive,300,runtime <= 120s -> 300s,,True
train,walteros2020,tiny_instance.json,tiny_solution.json,small,6.41,observed,historical_collaborator_archive,120,runtime <= 30s -> 120s,,True
train,wang2019,large_instance_1.json,large_solution_1.json,large,3602.56,observed,historical_collaborator_archive,900,runtime > 300s -> 900s,,True
train,wang2019,tiny_instance.json,tiny_solution.json,small,0.28,observed,historical_collaborator_archive,60,runtime <= 5s -> 60s,,True
train,wang2025,large_instance_3.json,large_solution_3.json,large,495.68,observed,historical_collaborator_archive,900,runtime > 300s -> 900s,,True
train,wang2025,tiny_instance.json,tiny_solution.json,small,0.46,observed,historical_collaborator_archive,60,runtime <= 5s -> 60s,,True
train,wangy2020,large_instance_1.json,large_solution_1.json,large,100.99,observed,historical_collaborator_archive,300,runtime <= 120s -> 300s,,True
train,wangy2020,tiny_instance.json,tiny_solution.json,small,1.38,observed,historical_collaborator_archive,60,runtime <= 5s -> 60s,,True
train,watermeyer2020,large_instance_5.json,large_solution_5.json,large,3604.59,observed,historical_collaborator_archive,900,runtime > 300s -> 900s,,True
train,watermeyer2020,tiny_instance.json,tiny_solution.json,small,0.14,observed,historical_collaborator_archive,60,runtime <= 5s -> 60s,,True
train,watermeyer2022,large_instance_1.json,large_solution_1.json,large,140.0,observed,historical_collaborator_archive,600,runtime <= 300s -> 600s,,True
train,watermeyer2022,tiny_instance.json,tiny_solution.json,small,0.12,observed,historical_collaborator_archive,60,runtime <= 5s -> 60s,,True
train,wei2020,large_instance_4.json,large_solution_4.json,large,3602.59,observed,historical_collaborator_archive,900,runtime > 300s -> 900s,,True
train,wei2020,tiny_instance.json,tiny_solution.json,small,0.5,observed,historical_collaborator_archive,60,runtime <= 5s -> 60s,,True
train,wei2020b,large_instance_2.json,large_solution_2.json,large,12.53,observed,historical_collaborator_archive,120,runtime <= 30s -> 120s,,True
train,wei2020b,tiny_instance.json,tiny_solution.json,small,0.11,observed,historical_collaborator_archive,60,runtime <= 5s -> 60s,,True
train,wu2022,large_instance_4.json,large_solution_4.json,large,141.7,observed,historical_collaborator_archive,600,runtime <= 300s -> 600s,,True
train,wu2022,tiny_instance.json,tiny_solution.json,small,0.11,observed,historical_collaborator_archive,60,runtime <= 5s -> 60s,,True
train,wu2023,large_instance_5.json,large_solution_5.json,large,1651.7177609149367,observed,current_rerun_20260831,900,runtime > 300s -> 900s,,True
train,wu2023,tiny_instance.json,tiny_solution.json,small,3.891890574246645,observed,current_rerun_20260831,60,runtime <= 5s -> 60s,,True
train,xie2019,large_instance_2.json,large_solution_2.json,large,135.65,observed,historical_collaborator_archive,600,runtime <= 300s -> 600s,,True
train,xie2019,tiny_instance.json,tiny_solution.json,small,2.15,observed,historical_collaborator_archive,60,runtime <= 5s -> 60s,,True
train,xu2024,large_instance_1.json,large_solution_1.json,large,3600.7,observed,historical_collaborator_archive,900,runtime > 300s -> 900s,,True
train,xu2024,tiny_instance.json,tiny_solution.json,small,0.91,observed,historical_collaborator_archive,60,runtime <= 5s -> 60s,,True
train,yang2013,large_instance_1.json,large_solution_1.json,large,3605.41,observed,historical_collaborator_archive,900,runtime > 300s -> 900s,,True
train,yang2013,tiny_instance.json,tiny_solution.json,small,0.88,observed,historical_collaborator_archive,60,runtime <= 5s -> 60s,,True
train,zetina2019,large_instance_4.json,large_solution_4.json,large,3615.01,observed,historical_collaborator_archive,900,runtime > 300s -> 900s,,True
train,zetina2019,tiny_instance.json,tiny_solution.json,small,1.05,observed,historical_collaborator_archive,60,runtime <= 5s -> 60s,,True
train,zhang2025,large_instance_4.json,large_solution_4.json,large,3605.76,observed,historical_collaborator_archive,900,runtime > 300s -> 900s,,True
train,zhang2025,tiny_instance.json,tiny_solution.json,small,0.16,observed,historical_collaborator_archive,60,runtime <= 5s -> 60s,,True
